meanVelX,sdVelX,meanVelY,sdVelY,meanAccX,sdAccX,meanAccY,sdAccY,meanVelX,sdVelX,meanVelY,sdVelY,meanAccX,sdAccX,meanAccY,sdAccY,meanVelX,sdVelX,meanVelY,sdVelY,meanAccX,sdAccX,meanAccY,sdAccY,meanVelX,sdVelX,meanVelY,sdVelY,meanAccX,sdAccX,meanAccY,sdAccY,user,length
0.02868062754295,0.074548801056998,-1.28248357563166,0.344282048811222,-0.001205586998762,0.003547197052033,0.002006780908315,0.012569586354594,0.558835539831167,0.976032150175062,-0.208512914068437,0.278104857997469,0.009409053493591,0.025101498899521,0.001529704130018,0.009080587678901,0.207453497775027,0.453926287693768,0.450292591133503,1.04396577804272,-0.000358359384002,0.024543229976145,0.006008390378403,0.023985569303083,0.135196037088486,0.217168461767378,1.06692401525596,0.313532997681896,0.0003767303342,0.012064519757731,0.008972535047349,0.018253275899977,1,pattern-length-4
-0.057381680261975,0.063163175531895,-1.04033391994726,0.498704830227719,-0.00099096493539,0.003413160659425,0.001307284824024,0.018448091413791,0.601588060511625,1.10286641619105,-0.322070953042749,0.181280927723619,0.010255847450246,0.023081782663751,-0.002477807572573,0.012014595265095,0.313567986523556,0.810477896219109,0.758056537656344,0.98209601456118,0.003521797013142,0.033375375162688,0.004883940082836,0.024232410863269,-0.066206449620864,0.04272260036827,0.979309889849494,0.752116584961048,0.000367894552158,0.003305250410754,-0.005128199501434,0.040155374638567,1,pattern-length-4
0.204458978339626,0.235135758950715,-1.32778855449021,0.262333561369094,-0.002869427459152,0.009373263635125,-0.011205613986655,0.018788193426635,0.45734142508328,0.763504948420335,-0.269625046129196,0.82452722729916,0.004902018038497,0.015181271797983,0.001813911508867,0.031016037729643,0.253539715548136,0.571108799535589,0.814549400468725,0.981615010251864,0.001362735493051,0.031081150148054,0.012095694808331,0.019442123101019,-0.182043677061991,0.087792745522004,1.37845697589949,0.605419172620469,-0.001553748523396,0.009809096494992,0.011334499135837,0.074765703454606,1,pattern-length-4
-0.059647744297643,0.112785075877362,-1.25639795467043,0.684982456760691,0.001231243113476,0.005101272184246,-0.001534115728373,0.021614566976242,0.639125703844511,1.24929624115132,-0.444067074554135,0.501138497876088,0.009020435135928,0.021147910107589,0.000948955035421,0.020839002775628,0.212920643471567,0.986042597270911,0.601130783026656,0.753118627665449,0.00018787594679,0.056151584797774,0.009319313315391,0.030322813659245,0.216734628116383,0.161851277421744,1.92390702191521,1.3069871855399,-3.50547909324143E-05,0.013536674155671,0.005057227652791,0.114150428442923,1,pattern-length-4
0.000694640044141,0.08690442866683,-1.52735419871577,0.684455622908357,0.001430108027715,0.002682537447359,-0.009052813176103,0.010044615697767,0.771355816211576,0.862269244263194,-0.235191973517923,0.437106360689318,0.007832035202058,0.019252388546637,-0.002858901429368,0.023811335416392,0.382927676534521,0.45755943307533,1.0824058346029,0.644546120023159,0.001650663390007,0.028359141304659,0.01029767588287,0.007792734672665,-0.042499212930911,0.063053087470333,0.779008211764524,0.558352534610939,-0.000945716033763,0.003314386601156,0.005068530503153,0.048163243218176,1,pattern-length-4
2.16400972867701,1.00078259045898,-0.429472285479706,0.100550218968414,0.016695755144674,0.000337349628055,-0.002083561301147,0.00528497783543,0.583290134714906,0.959745552527294,0.831506879649196,0.962565000940802,0.001439854924356,0.055633591083922,0.012523010213586,0.017641384308251,1.11136006147325,1.00671566391155,0.491481819538155,1.0338644297863,0.010940034618204,0.014743541347446,0.002479791243014,0.052579474332119,1.6819512610342,0.555981670085598,-0.237006692325368,0.098481068123176,0.005153392012969,0.053130483146949,0.000466317041522,0.009351905241741,2,pattern-length-4
0.732343788078974,1.13190717753291,0.012301507240759,0.135566110147442,0.014836444210814,0.027824392366227,-0.001980472227197,0.004959987392407,0.203858556344447,0.677661736471182,0.534509175626489,1.0231307294342,-0.002570370637975,0.018673879514721,0.006595348517362,0.015337802317508,1.34173027608248,0.99832477626102,0.262384628867083,1.09305084966201,0.012427869076646,0.013764703417026,-0.004875856840018,0.034577584375364,1.43579539001754,0.308721683350377,0.308235214883367,0.041582208468254,0.028802444839736,0.069194662077431,0.005427300567317,0.013475393099655,2,pattern-length-4
1.87559063311036,2.05579458475316,0.060660423553216,0.08585536306572,0.01555727534914,0.016424757212406,0.000567146415786,0.000802706988359,0.325122483025138,1.18589253511628,1.28663121061613,1.74817689057449,-0.00624961578357,0.042847060237065,0.015676967624234,0.024967971195449,1.37273962603014,1.28435564166332,0.248449159721545,0.445816060534113,0.014500712878401,0.020809587109435,-0.002915610384332,0.016485887244489,1.91502109738382,0.415234833911716,-0.059735038063743,0.10815189770556,0.024090826817246,0.080889247207957,-0.000839395975877,0.00603737732977,2,pattern-length-4
2.04463830338769,1.5589564634446,-0.720720083952506,0.525375585165657,0.0242075922328,0.013733185934888,-0.008401667099177,0.004283651062282,0.53386885804315,1.79382170008458,1.33328222876835,1.30721107045488,-0.008460764114111,0.056484589613298,0.009447160793625,0.02178596193099,1.50858536641279,0.996036384842112,1.03116536139262,1.95169081136451,0.023055527312635,0.036241719931809,0.009378546379846,0.117110887896715,1.7483082236949,0.436025516432699,-0.231487534829569,0.588882514281463,0.014855302958158,0.06011039339062,-0.009844003456851,0.026223292818923,2,pattern-length-4
1.94418599463959,0.426997709000331,-0.505824652178606,0.134205236621917,0.016590267175211,0.01418304566251,-0.00532979176666,0.004228631979323,0.743552492410317,1.54310080289804,1.21162695051387,1.29909474833227,-0.015860934070608,0.042231656275562,0.016090669919902,0.021589720148536,1.5130264205162,1.70783470240018,0.409451093124054,1.02288278288453,0.035146739989449,0.036982482270472,-0.006951365191394,0.039326077651239,2.60488047914284,0.959753514009024,0.650298164490073,0.554694611679103,0.030624885104791,0.127545968063109,0.016529214557508,0.013867789175036,2,pattern-length-4
-1.61869163895484,0.389812622509785,1.6600295947372,0.363326929936024,-0.00613086267276,0.008147149448137,0.006513963567198,0.007789580955282,1.2780387320833,2.1856920136848,-0.756439028789228,1.85776507317978,0.010427020297111,0.037693969509938,-0.004991838973256,0.040668618661058,0.291135448900271,0.868556253192735,1.04669615987092,1.36735431453261,0.000924265181088,0.046330231718464,0.015100330419238,0.033112100928042,0.651810803019568,0.844170801040602,2.4113269019396,2.26240932664736,-0.003970686931303,0.081036027391907,0.00623671257118,0.248806796005457,3,pattern-length-4
-1.49694940181071,0.668359226138676,1.33532637015649,0.650050898036703,-0.010641962917877,0.010618184535032,0.007429936323549,0.00998431888308,1.44444492156493,2.49073542255483,-0.538363415684323,2.3708256779149,0.015895508436041,0.038392319030249,-0.008064354928175,0.050118678723388,0.126968170522079,1.09046812769394,0.673835289534323,1.14929514243846,0.001716886436362,0.062510156254519,0.010525919543226,0.03564029467039,0.569511617568725,0.530696958950771,1.79874016256893,0.844787267582104,0.004815687325943,0.041068299059252,0.02026050716023,0.089114228397443,3,pattern-length-4
-1.64845152588099,0.985029199370626,1.88106139842735,1.02916570191521,-0.014387904070356,0.00986645901899,0.015379189968367,0.010589624348753,1.53704964325531,1.97043443733948,-1.01690485019877,2.47251308793506,0.003843934454849,0.047059573098001,0.004319321743487,0.071283478170985,0.21035645111501,0.63861627433737,0.940547260866942,0.796297581897477,1.02530733673794E-05,0.023921159641424,0.010623155780415,0.024439150383883,-0.041314925739472,0.228478190037631,1.79145625313336,0.078588587354199,0.0017737581942,0.019654635172381,0.035973381933051,0.055876567076171,3,pattern-length-4
-1.92933681401582,0.551925763081504,2.04416663449382,0.328787128518773,-0.002907911849215,0.019616025741247,0.008114803350902,0.011349806929128,1.60871194512115,1.89772949756376,-0.792260680212026,2.00513952779573,0.013273380957626,0.042238567561017,0.001509133929831,0.080715634522249,0.390284333141234,1.07839981782689,0.404131153263085,1.26616160450376,-0.003819341082418,0.030153654702714,0.014891718857863,0.03248814712111,0.072881715607941,0.163081357551566,1.67129070533576,1.2666336984364,-0.000681129001833,0.012330829071806,0.015915174003448,0.120131413848397,3,pattern-length-4
-1.71288508873504,1.04325810520086,1.84103652446275,1.12083171320819,-0.012162313280446,0.013408049373436,0.013708814219691,0.013830062775202,1.29339447350565,2.84967037202486,-0.681950653252422,2.26116073894621,0.024518971396959,0.053114371980827,-0.016407679030159,0.046043364927816,0.39826010501746,1.29399016140686,0.839981089527949,1.55801693363302,0.01377133251351,0.097504639050901,0.001597827059543,0.065733733044175,0.747309796950396,0.955901289879118,1.56936308916877,0.952882050990898,-0.011896479294787,0.049709394091785,-0.008909892870893,0.061980260785502,3,pattern-length-4
0.101455652573529,0.119739011113576,-1.93428907145244,1.04153148359255,0.002298246713458,0.006094401077728,-0.010703683449514,0.024861365952079,-0.77259630689434,1.27310572342362,-0.265789331174364,0.306795922970139,-0.009747753506301,0.023171560362466,0.000460353497128,0.010152120409582,-3.71794906317019,0.217481663420815,0.375163957184436,0.172961729372745,-0.03206428827024,0.064778815321858,0.004238353056066,0.005461691455053,-1.54075596379299,0.997249101076572,-0.306492150998583,0.126841812840401,-0.019762746465522,0.118293328848943,-0.006181514524396,0.012436751839903,4,pattern-length-4
0.132401914590891,0.05284314512117,-1.28504997943977,0.480198108616819,0.000789944745453,0.003360800020529,-0.00309926112796,0.024516591649888,-0.971333833703147,1.27525449768894,-0.717964545597674,0.399332729420176,-0.015048138261505,0.017388068323648,0.000678294740116,0.015607230328577,-4.51012873522101,0.118720375215791,0.620510053719641,0.025226953653707,-0.130181786848262,0.198071951501339,0.018774947168143,0.02358390801759,-1.61326245251824,0.983674734558513,0.034784133013557,0.276682889065749,-0.018032244999764,0.10317431177153,-0.001628977781514,0.019571733373843,4,pattern-length-4
0.107210996006102,0.184484014715047,-1.30078493323891,0.717316253919248,-0.001474269082911,0.009301086085773,-0.008679257799996,0.027264322858066,-0.612075316077248,1.35873277071973,-0.479477431897386,0.504111284291142,-0.013446869447548,0.02419129119456,0.000265109987543,0.017246527606029,-4.10638188380821,0.313016677309632,0.602350517177752,0.18584241539709,-0.127285826439951,0.143183850601054,0.021581204392268,0.008656618367763,-1.21261973661535,0.977402035819597,0.077889565860524,0.228915939586955,-0.006132941303781,0.102014691500015,0.000725133856275,0.022595072911974,4,pattern-length-4
0.012126779484876,0.120938311263194,-1.90656625480448,0.545188759773786,0.000292472367732,0.0036476769586,-0.006653457147797,0.031045874256607,-0.731604796160469,1.15934465049637,-0.570898005787182,0.31692801692665,-0.016790776322847,0.02762174445889,-0.001731957600495,0.027701130769186,-5.18431244757795,0.415055899832523,0.454006306132035,0.446044994092414,-0.100533380982077,0.217733048719165,0.018883712772288,0.015173577240313,-1.37510407538174,0.982212068895086,-0.055661742193258,0.380288653625417,0.002312442923603,0.057402459129579,-0.001990945788434,0.015810463020881,4,pattern-length-4
0.046593807626181,0.017690885225316,-1.9217894053785,1.17452355598756,0.000341237478348,0.000447688506411,-0.005125943580673,0.029292230184398,-0.617353648579965,1.01054131137361,-0.71512291030006,0.850452996364277,-0.01174088568554,0.022009835488974,-0.002391989604541,0.03536080435971,-5.12625473620845,0.742963272343586,0.442520964379404,0.110172613813478,-0.103694359186474,0.209289599027754,0.010422514109188,0.009089713693426,-1.81923975182373,0.98434376257491,0.05081193077373,0.441576322558246,-0.026362705527776,0.116533367485855,-0.00277414065876,0.023737206023505,4,pattern-length-4
-0.009478026745366,0.027144805145954,-0.462253328325885,0.275601347203885,9.06576447053287E-05,0.001739181475213,-0.000717202195997,0.004578456635085,-0.234680650482647,0.149259645857904,0.399959778860658,0.486262404969282,-0.000385596205688,0.002381292809194,0.000789421839016,0.005562033699976,-0.255720087803023,0.178756799451455,-0.365463662432422,0.464882054767718,-0.000639647667362,0.004009198374309,-0.001134612794049,0.006873268073345,-0.158844692553395,0.126418439602708,-0.305923643272336,0.20850627506022,-0.001117214713702,0.008766774171195,-0.002095999282577,0.013874232937831,7,pattern-length-4
0.006323259331281,0.038225343245036,-0.31799034873226,0.170240748453779,0.00012581753206,0.001974390515615,-0.000484005110042,0.007072427915612,-0.168975519876955,0.131048919312687,0.312935239440384,0.397834317403037,-6.99625319866748E-05,0.002125557797801,0.000155299855107,0.004598213887882,-0.225043209616313,0.098147186534468,-0.283590619764301,0.314383819220758,-0.000174357211893,0.002987617344513,-0.000118273983412,0.00433631648453,-0.135039906336351,0.063121865093553,-0.262487291979165,0.098265152736594,0.000217813739463,0.001998719691826,-1.31384546155344E-05,0.003677223256216,7,pattern-length-4
-0.006803643528336,0.017092372918977,-0.353350879271283,0.22313431382494,-3.76098544151147E-06,0.00105978634534,-0.00073526712677,0.009734939803084,-0.187407206955168,0.128495120889986,0.350083860972401,0.379471515275895,-0.000164010034541,0.002002341531093,0.000298194752564,0.005214662960267,-0.203186879601447,0.09448891730534,-0.273081634734894,0.306572855366133,-0.000394429227374,0.0028252549502,-0.000229083922823,0.004678711533545,-0.18811917105575,0.11935541216713,-0.232584980638139,0.123420038967512,-0.000543546267751,0.0061798627491,-0.0012852358106,0.008003621552408,7,pattern-length-4
-0.024816895158925,0.026255528130437,-0.365522401120034,0.188046120066514,-6.59661098171397E-05,0.00137488288329,-0.000742900406961,0.002753528521318,-0.199060560543868,0.131215474519281,0.352772485006379,0.36643224195631,-0.000406671478648,0.002949673789236,0.000240695116648,0.00587881941765,-0.217874894767634,0.132121596152883,-0.292745255818967,0.331153805636543,-0.000313944412881,0.003601738055474,-0.000105734254165,0.00387931728634,-0.090898321430705,0.064357320940451,-0.199583409505598,0.127003426122565,-0.000162633712583,0.003289794645488,-0.000235976068446,0.006594856121849,7,pattern-length-4
-0.013994902131261,0.03514986780771,-0.414970400564533,0.271222170908952,0.00023859430913,0.002098861782132,-0.000786650975676,0.005831781614354,-0.182890119505864,0.140402763190332,0.318458274086529,0.350209107304493,-0.000150338636226,0.002253039958243,0.000123254492256,0.004071526309794,-0.220610367770791,0.13208034555632,-0.296381226970628,0.356772324206795,-0.000164830673757,0.003078856792238,-0.000267099515689,0.004315327801946,-0.172488428218104,0.07027093030843,-0.333298671005293,0.116724163908622,0.000315803621836,0.002837761900475,5.4880756028017E-05,0.003863345684575,7,pattern-length-4
-0.320900421233242,0.310746315604197,-2.0394287109375,2.0003054020581,-0.012044905940039,0.028242759922481,-0.068891252790179,0.076636281046223,1.37604337325071,1.02434960140437,0.937956501455868,2.28004444948125,0.011945391189179,0.017447254210424,0.022103410169265,0.052642349321589,0.953362699838458,0.775622487063525,1.96191995930119,0.380011771519551,0.003772438563703,0.06172903639791,0.029156883250146,0.062333701940825,-0.187625177073276,0.334743042889198,3.55711025359678,0.702779452551713,0.005308403882758,0.019166002601263,0.021352473841145,0.093605488735513,8,pattern-length-4
0.121454055674314,0.196274199008015,-2.41476154535165,2.20408857094007,0.00189585653089,0.006640746899632,-0.038187383270359,0.037867117896468,1.39960423200708,0.867692939126708,0.962288176767511,1.9600370289921,0.015419016622704,0.01747725298195,0.020889229698107,0.059965451449904,0.767789616304285,0.585179395676966,2.57513573590447,0.3976770989627,0.006802695432749,0.052917267775108,0.048412568428937,0.073804431088566,0.035617694639409,0.058618344675229,3.93996113478535,0.312819525448124,0.000305412574873,0.002698998136832,0.045164637528781,0.05565402610248,8,pattern-length-4
-0.32,0.45254833995939,-1.78049255371094,2.51799671716231,-0.016842105263158,0.023818333682073,-0.093710134405839,0.132526143008543,1.59774529263055,0.717337331273802,1.21263490525827,2.0664181086263,0.006987730392122,0.015722034538507,0.016105175674354,0.051207389176018,0.671994097092572,0.607967317058539,2.31114308974322,0.782842086638997,0.003462892090161,0.048331079452662,0.042508933783403,0.045734282949004,-0.459967149294614,0.569429331857796,3.99398572905725,0.122807597381857,0.00339169684801,0.052343633235592,0.080256272430847,0.136451698352728,8,pattern-length-4
-0.041224243381657,0.183501446472917,-2.70765847870798,2.57532885514261,-5.22812748308143E-05,0.009388025714533,-0.048726740332431,0.038850847319341,1.16778266038305,0.570446177258238,1.40641316452007,2.98305830614456,0.011090553806389,0.017111506370007,0.032304194182446,0.106728194764711,1.01657999923158,0.638216168786505,1.08761158662684,1.29368171447626,-0.003123078183744,0.027274321076762,0.0180203950701,0.038624421417461,-0.298829441444547,0.261258998169555,3.93413624482996,0.768708004310231,0.002548052337893,0.016995817328607,0.030470784505208,0.096600659420725,8,pattern-length-4
-0.017785093292762,0.216295697232833,-1.68997281233753,1.63415326611856,-0.002375489512086,0.016765482700191,-0.06490836545902,0.077467841019754,1.48834121894496,0.490136315191567,1.22871859681373,2.58777513359829,0.007212681584133,0.01994979528878,0.026203652917516,0.053007699653804,1.25486312839012,0.476619612879237,1.43040125229779,0.904396797941968,0.001197083521104,0.036683227853073,0.020945576070502,0.038409740720244,0.28479632209329,0.605828970184853,5.58593630323223,0.17074729886364,0.010587461266963,0.020741801371411,0.109036772308878,0.193055908262338,8,pattern-length-4
-0.03953391050435,0.033566238185903,0.295196377007332,0.194847711956914,7.37155515610069E-05,0.001039310977772,0.000685329927311,0.006246527371963,0.00480683519616,0.025431056760244,0.440051544483845,0.18352535115931,-6.47063534698257E-06,0.00120400464855,0.000808947004906,0.004110197651629,0.262790166095479,0.217784535376398,0.170089914874484,0.125457689274874,0.000533453634996,0.002206147236368,0.000260017579634,0.004618466333043,0.237521944822333,0.13991702519373,0.003207395647653,0.009725691609398,0.000642538874798,0.007464196018333,-4.81933138133987E-05,0.000636464938088,11,pattern-length-4
-0.035863825538427,0.045124997177964,0.322055547183362,0.249233618985463,6.80920416325089E-05,0.001548942678235,0.000645374588465,0.005559315073725,0.004439327566162,0.011872064621507,0.46604558736211,0.124851252165863,6.07834946013527E-05,0.000539107170679,0.000790763608968,0.004149109873265,0.336062672116965,0.249562555221985,0.173379354493928,0.087966946460861,0.000917458127146,0.003304399113619,0.00025123814634,0.005204406452415,0.190901198458787,0.108472656916591,0.001963121896486,0.027338749572859,-0.000228543521239,0.003808689968974,-0.000125018255965,0.00141400902399,11,pattern-length-4
-0.019326069087673,0.03117814552348,0.430782039970344,0.275625096284358,0.000125334053752,0.001243273723821,0.000560543980357,0.005530232644191,-0.001480438434562,0.038440119404697,0.608590016158739,0.11886428229857,6.57718553379021E-05,0.001637268174434,0.001744069678045,0.008050739703727,0.339450441792262,0.309483704238859,0.178921468760807,0.203765017756121,0.000647834529971,0.003840399648814,0.000505076059426,0.007377639833418,0.261402336427691,0.109095545118065,0,0,0.000589198165096,0.008775864786308,0,0,11,pattern-length-4
-0.015937660193972,0.027368112330198,0.401443761533008,0.303313708494561,7.04143390199071E-05,0.001244475773065,0.001165056796602,0.007764142952821,-0.006659087862773,0.018417065821898,0.417564183821167,0.136034442197176,8.68838244433515E-05,0.001286422696178,0.000661058563956,0.004898047498695,0.386663683752565,0.297305122421533,0.163632063313916,0.145237392998603,0.00147042728232,0.003407306479671,0.000441598159669,0.005189235516032,0.42771996351669,0.205862119736166,0.051778080487492,0.024933652711964,0.000781820469501,0.012879293867469,-5.79181881734887E-05,0.001562776924601,11,pattern-length-4
-0.048371226038171,0.053376336470524,0.459704816569072,0.332562310806663,-8.47784032516527E-05,0.001483703882924,0.001322672294865,0.009146978173426,-0.015220945814997,0.020642107047728,0.580102461544588,0.221419624514358,6.41812422292E-05,0.001574358102035,0.001220971301869,0.008138563719482,0.456126085658114,0.367414488466926,0.23232706806755,0.22040000250981,0.001862992116844,0.004510208079012,6.7678442056956E-05,0.00688973467394,0.352212472032225,0.197429832480921,-0.023067698759191,0.029323555722036,0.0011433043441,0.014405163018378,9.24107112686527E-05,0.002021014471524,11,pattern-length-4
0.273088365731372,0.039174115149771,-2.93770147428912,0.164040872655299,0.002060196220553,0.001840294007495,-0.019326760690704,0.03182643756924,0.803064904408446,1.37216347379925,0.782275653097931,1.92895470279961,0.018267006290801,0.036190704637371,0.014835788495474,0.06412764498356,1.83490844563367,0.713537576620182,1.36243262741442,0.988848868870344,0.005371840389286,0.050164184299186,0.016956528392464,0.0302796140937,0.890804948410916,0.97463806551828,0.849971816896148,1.08333867815048,0.002795392159159,0.070858753423371,0.002494010135479,0.079219872035091,12,pattern-length-4
0.030992633860703,0.097269904719792,-2.20418628271362,0.619207208688722,-0.001697154512813,0.005511702286907,-0.004979974154027,0.016888556147516,1.05672355510296,0.932956375825007,0.724152037862092,2.09522060292804,0.009997634996045,0.014682188382615,0.016402282868493,0.053146979424762,2.22618385608305,0.187160456851044,1.78586696880235,0.506301199776925,0.017512113073451,0.053557297446415,0.017965081972507,0.074530381038332,0.751801979641954,0.061016732840275,0.984616896685432,0.196564081140083,0.002955503529743,0.010190620841427,0.000721020917756,0.014678266227749,12,pattern-length-4
-0.020349267645994,0.080950334444143,-1.35045712047396,0.650211990739964,-0.001502853340498,0.002289076002504,-0.01149603996668,0.003038424556646,0.597596486593284,1.00831981677233,0.023000345927122,2.0767641614474,0.011792940563111,0.017509209907185,0.019307312565261,0.035600239940014,2.23653352561117,0.8136793788278,1.9783995171555,1.56834885594022,0.028177351392971,0.086019496179546,0.023046708024497,0.141341782150146,0.398445504937866,0.397918674283896,0.904530547072448,0.256637996138416,0.001886361503605,0.033014005873306,0.005048111725788,0.038363419121692,12,pattern-length-4
0.169527302937013,0.171419237564061,-1.77943630824013,0.58729883388366,0.002145275145404,0.00252775969964,-0.013580303566129,0.00349641172073,0.798079342765604,1.0786778279108,0.60753548237375,2.06956432051211,0.012680496130841,0.018041362099457,0.011350549456929,0.042064218596566,1.27112649383817,0.513152265084819,1.20445050756916,0.577313451855458,0.003655590701313,0.038633937227426,0.003005608223419,0.039125212540216,0.429078520640545,0.128870459383677,0.413235120042335,0.219485247660187,0.001508931425545,0.011180021724666,0.001204308994392,0.012268187779221,12,pattern-length-4
0.148320452559575,0.297297202620973,-2.00196517038989,1.3832665157721,0.003518018629736,0.005773559590208,-0.019002338487586,0.012330119736385,0.90742426887553,1.21082099069279,0.93585272396312,1.87113408795553,0.010180943468006,0.015385180628982,0.015879809446767,0.026578509521692,1.85670163839684,0.443704991695631,1.24176023690671,0.156406761415328,0.006689516837224,0.021352250005962,0.005714436715483,0.015392330519084,0.793534875553559,0.493921777860394,0.99756594843193,0.595342336987469,0.008173498006375,0.023684546504606,0.009928893019966,0.033182327600026,12,pattern-length-4
0.719452469437211,1.01745943976092,-0.179729320384838,0.254175642444337,0.055342497649016,0.07826611075084,-0.013825332337295,0.019551972495718,1.29511796131916,1.07771102597836,1.63689819716727,1.46146642151144,0.000388154976824,0.049662800766432,0.024605316209914,0.01716191325589,-1.63763158073066,2.06709178285852,2.34707706102683,0.87196464119067,-0.031299531971672,0.042222203475487,0.015807447990353,0.048374059600545,-1.97366768332089,0.26646379262752,2.36099171357996,0.3890026625818,-0.052507333194508,0.105605264213307,0.061350743910846,0.132528073227667,15,pattern-length-4
2.79949108572567,1.3066143841119,-0.204168835808249,0.034052245014825,0.021918546287246,0.02669941983583,-0.001211722746852,0.00207624791309,1.25180159788081,1.12919084577794,2.29706903957428,1.18099886343012,0.007634909437272,0.088374398932591,0.042811667684961,0.024838498636249,-1.96671847991127,0.663670854904291,2.75097814277744,0.693991954042712,-0.029999859507784,0.038004096062099,0.029920043977312,0.119367440422738,-2.0357060287938,0.702142914391164,2.21288681710255,0.42452129569151,-0.045271059196051,0.146627994649952,0.056256027357676,0.129501718700517,15,pattern-length-4
2.13835537525705,1.94624453050257,-0.529390531144394,0.458508092794961,0.049904140050785,0.057927147765529,-0.011472871894871,0.02019992403025,1.00598374637053,1.12698126941003,1.96272845208751,1.26028548084759,-0.006080996551466,0.064075307209113,0.035150617705624,0.02200047216626,-1.48746919644101,1.60123358277497,2.03134773862492,0.658185111851874,-0.025303009105922,0.027406852567125,0.022720526452681,0.066763633133052,-1.3505272210813,1.38025234928484,1.27989645565257,1.22894506010747,-0.013126313892615,0.128087595798984,0.012876130030367,0.119309256592958,15,pattern-length-4
2.08307949290556,1.70655451255811,-0.09905029296875,0.133771319580452,0.037899344228461,0.056663258208678,-0.004215796317306,0.013012689668257,0.33791558304785,0.82115114034269,2.23691760928448,1.62608383303855,-0.004702339765196,0.045057920266049,0.040522271285396,0.028397210664873,-1.01208948767273,1.57457490110701,1.45351796724549,0.947489159713517,-0.025955278850337,0.03563724899724,0.021409152425834,0.061177970516044,-1.7995611649685,1.48326391716957,2.1358293922935,0.923131371052171,-0.02070344204288,0.14783457454574,0.03313776170805,0.123946815952079,15,pattern-length-4
2.5308643270378,1.52029207621598,-1.44216172673317,0.610308904425494,0.028839225415539,0.02381201615171,-0.012855280995239,0.016115530377232,1.24412307739258,1.62004164707766,1.8983107622932,1.66049097371945,-0.016275262667646,0.06511256553465,0.040441546720617,0.039398100899964,-2.26430244921788,0.188279751710572,3.18212934143828,0.4926669588508,-0.033356480845701,0.057425152696834,0.043097757337799,0.11469409772242,-2.3794449076933,0.399924714558576,1.82375398523667,0.989215963820688,-0.037407644067256,0.087574555755581,0.018856151541212,0.097551225733151,15,pattern-length-4
3.81424348735979,2.49072388362402,-2.30159256638761,1.36269580151002,0.045419595738825,0.042785074921602,-0.0139757097002,0.012688329840274,-0.575360431754971,1.80344310007724,-0.195486221761345,0.326002425979846,-0.018419427512839,0.043202613806683,0.002994348808389,0.011264626244568,-0.085956819605831,1.28758590388208,-0.692054445488681,0.888835121491,-0.000828291654951,0.061418279873579,-0.005412945978467,0.02872689207541,0.06215083212351,0.07262537946104,-0.241045690390303,0.196136380545036,0.001020893795802,0.003874464393921,-0.002562260218288,0.015327590231523,16,pattern-length-4
4.58226450193993,3.73749434920011,-1.7555620921157,1.3776517723276,0.032743941755538,0.027195803621598,-0.009711734046918,0.013894503003373,-0.264877488751907,2.17416418349302,-0.502906991910723,0.383560700488346,-0.021703742949368,0.058414743462001,-0.00495735450021,0.017592644397033,-0.377737107619741,1.51680112404219,-0.672976887658177,1.15192038950729,0.002405006082825,0.043054930741574,-0.005985411217815,0.019529725878552,0.168460655552393,0.421286152178786,-0.361393262995756,0.237585414076548,0.007081857046788,0.017151176002105,-0.006223757154933,0.015783158328777,16,pattern-length-4
3.10021272110416,1.96383276384955,-1.8071328543381,1.08203638294614,0.031382860115655,0.041223514263445,-0.018598734142958,0.020681863906122,-0.418811173607155,1.8829384795386,-0.169003064560928,0.380220182838671,-0.021374199774254,0.047802585626822,0.002168298773038,0.014200059442152,-0.379473327527922,1.53889970444307,-0.814804496697139,1.42649433091619,-0.001425594419229,0.081720081206316,-0.010149703634862,0.036271781921137,0.07151133210022,0.111498862966611,-0.853270349430853,0.486151518423246,0.000933866834833,0.004386842284261,0.000427583634494,0.023247344242184,16,pattern-length-4
3.34976460397979,3.34809816982994,-1.57431526089892,1.53550221369901,0.033337518224476,0.031228526592917,-0.014989686334758,0.01349193999442,-0.384169057768015,2.34702871306283,-0.165870461526229,0.778700886958033,-0.01908187847152,0.081213058606294,0.00036893054957,0.048934450961273,-0.211062083463,1.11287021718975,-0.597092606997764,0.960767958454748,0.005940193241753,0.037299825110663,-0.010999034861029,0.027976823274073,0.030992664732797,0.081405663946621,-0.71874588469532,0.719967203986395,0.000995122047021,0.004502109137255,0.00358729282588,0.028934231132107,16,pattern-length-4
4.21470355588626,2.82463537905102,-1.51239854921257,0.98376790495582,0.008458981020991,0.067713632493116,-0.002707974895436,0.023748438494798,-0.571180417065952,2.20853494876763,-0.455003529648942,0.516925899934389,-0.020390641778124,0.04397983533354,0.00124533736657,0.017969891404581,-0.41480221637855,1.26596802176212,-0.54993002625781,0.862385207091392,-0.000971388159048,0.042909712125363,-0.00651923246763,0.018988056755796,0.124294031419753,0.075570828399765,-0.459171692265942,0.331757226762944,0.000262265692552,0.004192489112417,0.001264362354317,0.015693050288262,16,pattern-length-4
0.00081596895831,0.019696927630102,0.661256668897732,0.600585353217783,-0.000128319275521,0.000689219229853,0.002570250521483,0.010038619945648,-0.292629739566321,0.38929354704868,0.162589820800412,0.225407067265863,-0.000985811105883,0.005386958704934,0.000386536270739,0.008100611498958,-0.652636252004388,0.390479867477537,-0.025730230108572,0.032121433697274,-0.002646560230622,0.009437987976224,-0.000171119614133,0.001528236947195,-0.56291436688582,0.279494533573383,-0.049748398734185,0.023878195624241,0.000989026887797,0.01639915055075,-0.000268588479265,0.001970378233259,17,pattern-length-4
-0.005001425328654,0.016199405882095,0.331395983212177,0.266915221539132,-4.01697215797881E-05,0.000583822287909,9.83170929072895E-05,0.007093703329062,-0.396976449365238,0.499303121746447,0.164567249815177,0.165900543227523,-0.002144888509162,0.007056517581384,-0.000230220817268,0.003925317978973,-0.907249424971786,0.209057126092945,-0.04882413520745,0.053794830095142,-0.003419714195441,0.011953796188298,-0.00019567048017,0.002198479504661,-0.498096499500794,0.150028866270258,-0.018003565062389,0.027006965353967,-0.002443651996416,0.013302871755343,-0.000173010380623,0.001607616474881,17,pattern-length-4
-0.006342406287684,0.028708308154218,0.398095693857101,0.228603744228165,0.000169262734537,0.001702361279365,0.001046900979887,0.006780751887094,-0.427146444983661,0.426606354294586,0.161184581205807,0.192231698846212,-0.002201508245053,0.003892596316537,-0.000109718917297,0.003667957838565,-0.836534519321553,0.312954436649686,-0.052282808761221,0.049405955207241,-0.000983369986341,0.01051488761972,-7.49485035611211E-05,0.002287936122908,-0.578216396562757,0.146453171667474,-0.013321652449496,0.037583358236303,-0.003024863388081,0.016175194903697,0.000501124059905,0.002382554472005,17,pattern-length-4
-0.039148980614973,0.038811832183197,0.412247045180377,0.318318960011662,8.56921004513285E-05,0.001025484456744,0.001666673303276,0.004729634761189,-0.396182709106833,0.413013064768743,0.173924375520901,0.125856272376947,-0.001249783711522,0.004688939228183,-0.000113136299415,0.004467302469035,-0.729657161767045,0.134333933143017,-0.054821489031515,0.056617444510768,-0.001599794308063,0.006353055383706,-0.000471727692777,0.001815035377247,-0.375824446953797,0.18396015586938,-0.014534573595063,0.02493064855499,-0.003064136389384,0.016473854386926,-0.000230624189014,0.001294429425953,17,pattern-length-4
-0.068670199162466,0.158139624251963,0.549062321572805,0.436981741796976,0.000505063812369,0.00432460527892,0.002094707703372,0.006950182559588,-0.369918639404281,0.455918754631889,0.193864711162119,0.150357067469424,-0.001106148756975,0.006011917487793,-0.00010998035682,0.006845285414937,-0.70502629628581,0.115425211307775,-0.023485740620822,0.026596706663878,-0.002423150852909,0.008026858296874,4.18825084174257E-05,0.001653911814117,-0.46288231902369,0.210709249837574,-0.022977941176471,0.046076522324719,-0.001918222293002,0.016420051689261,-0.000473484848485,0.00228349969315,17,pattern-length-4
-0.356101191213116,0.329800948205234,-1.25984877147249,1.15715005349764,-0.004145304660349,0.011048436927465,-0.016967250070448,0.031609423390892,0.8474664144125,0.547896377431618,-0.496953877535733,0.502519338825077,0.006535574748031,0.008040191031799,-0.002572493628182,0.032636310166605,0.946672733100623,0.304642627003445,0.005582254356525,0.039845582560111,0.002816796593671,0.02212765538456,4.25509154669269E-05,0.002035397811552,0.194228460126131,0.115071185167548,0.001336898395722,0.006270609304577,0.000434724107687,0.005283010723241,4.42356086819755E-05,0.000441014762303,19,pattern-length-4
-0.067440429776869,0.060641840647489,-0.947137850612546,0.659315307658672,-0.000474688348108,0.001575164978099,-0.010646293223674,0.023668492422,0.431899031340807,0.397255658103615,-0.327911611746802,0.495352017769321,0.002880624586954,0.004155917727814,0.00165051010464,0.012503450950242,0.763202130850774,0.190513927221847,0.038934877837018,0.037772833372365,0.002000182128417,0.01334398038564,0.000214494042313,0.001940321111177,0.380678217722373,0.426421135831316,-0.037603318361615,0.266976691846619,0.00437182169202,0.013444418248229,-0.002265710089775,0.007890897968826,19,pattern-length-4
-0.109106948498949,0.096456553578101,-0.750452266019933,0.685925594514911,-0.000697211854763,0.001848240539281,-0.003530999205954,0.008526249610476,0.3022030191036,0.351725463894908,-0.112100902691395,0.282708374869114,0.001125739828862,0.003915875006711,-0.000406096803925,0.012754918593618,0.503945580375269,0.139682984134988,0.001014198782961,0.009768334077587,0.000851034742238,0.009436587925994,2.98293759694547E-05,0.000647992997935,0.187169123885891,0.102522465543892,-0.007575757575758,0.03030303030303,0.00167856557002,0.007402268792377,-0.000445632798574,0.001782531194296,19,pattern-length-4
-0.012961919719948,0.035621600149992,-0.483111663298173,0.411216226498081,-0.000232297419709,0.001428383701212,-0.001963031407072,0.006578997629756,0.256747813985393,0.332871891557195,-0.142306029091506,0.220134211087399,0.001008433239611,0.002787338440503,-0.000282125431156,0.007407458934756,0.496336167926567,0.145924516410109,-0.021080216394821,0.025412986627583,0.001175288286086,0.010589343390622,0.000118501800036,0.001273269162586,0.32622467266381,0.129520623377044,-0.006455044138868,0.063640388185079,0.000522752716014,0.005966717353211,-0.000465607353276,0.001832647925107,19,pattern-length-4
-0.002954322940886,0.008127402533149,-0.354717993453557,0.355614710773581,-6.54777749448683E-05,0.000493957501217,-0.001697406176143,0.007787636728957,0.247252615444649,0.296128892518122,-0.155290885441535,0.17617017994282,0.001113298081221,0.002504166495583,-0.000214795315564,0.006169972029187,0.510154769777007,0.12984645899036,0.005517317012032,0.013579208133744,0.0004473338085,0.005764042367148,0.000153107149368,0.000895339651517,0.249144160598782,0.123800183640702,0.028102374969319,0.039640984736674,0.000641632648945,0.006835640720111,0.000422469867834,0.001800237048419,19,pattern-length-4
-0.514128373905937,0.507343357948744,-0.003643771628858,0.082556214813159,-0.002667447049723,0.008953769937412,-0.000512818853415,0.002916153354735,-0.600534450865168,0.158944879022677,-0.01683432605997,0.02835449596601,-0.000548775223463,0.008395564357561,5.07105719657819E-05,0.000944512415675,0.684908435093953,0.930477357506375,-0.370500724370892,0.299624278460039,0.005227845054829,0.013540741952473,-0.002004925968574,0.005052239986466,0.345161641982787,0.42280976366474,-0.178932442290166,0.183154708202844,-0.00081100860705,0.01358415260665,2.18243927142953E-05,0.006355858346254,20,pattern-length-4
-0.580904745709541,0.834583953169185,-0.03435097294422,0.057344907859714,-0.01295195076245,0.019923848923077,-0.000554847228727,0.001244070241261,-1.65043680663627,0.285385721753487,0.100477455941539,0.057920439332383,-0.017078650769016,0.053876961885527,0.001168332976603,0.002785969344714,0.621767596641975,0.84567005044298,-0.345083730754715,0.260251220026039,0.002541083257285,0.010353081709735,-0.000819442685811,0.002764535118082,0.247346643458076,0.211718839919057,-0.142151474570208,0.164646306112111,-7.74218058469534E-05,0.007572018491615,0.000775891795212,0.004632148908699,20,pattern-length-4
-0.703624365194353,0.881122525551966,0.014685415389855,0.02218663429929,-0.011584567116398,0.018551610016636,0.000201716947905,0.001090112918471,-1.57948146554876,0.269063004859007,-0.032666331136503,0.143937700100746,-0.01731853485168,0.051817301065364,-0.000672317748222,0.006976995510817,0.585650000342711,0.753357556255841,-0.308127078568022,0.33159882654037,0.002518079791756,0.008624904231711,-0.001349548874423,0.002644350026151,0.397686595769419,0.224458004975175,-0.288816819216478,0.17057402144872,1.88993750070506E-05,0.011308400244609,0.00054928100632,0.009061007022288,20,pattern-length-4
-0.747377256233637,0.983672004928716,0.021220777832321,0.027619566762203,-0.016648868127013,0.025547610114896,0.000471680630408,0.000805902265657,-1.49259763231464,0.308369466760806,-0.001612807765152,0.003606347797518,-0.004511282859678,0.027489298607616,-4.88729625803489E-05,0.000109283266591,0.589578739377054,0.746901236072045,-0.337519986021752,0.290096257051345,0.001615849881936,0.009368411898283,-0.000642769836104,0.002812351771538,0.347307104660046,0.101029705904331,-0.188177176277116,0.055081312579045,0.002488036682498,0.01112378888334,-0.001843276564411,0.006705575770498,20,pattern-length-4
-0.629056498753621,0.855093034106046,0.093319295713669,0.123058178783457,-0.010208456897382,0.012539050350085,0.000440061520044,0.003436182440581,-1.7973654979903,0.084808994665206,0.00189132826426,0.086474075942344,-0.026884947980331,0.053418465448598,0.000332035736667,0.006958904395883,0.588223170724145,0.833518800516616,-0.33273507456516,0.238440493140187,0.000916441644581,0.018619470228643,-0.001338380324297,0.002825342428813,0.52468222240956,0.195849381390436,-0.384873570344331,0.113274379379894,0.001153512581275,0.012114575416585,-0.001110845997004,0.008406624739036,20,pattern-length-4
0.199167361728134,0.218440057199333,0.008719148996808,0.038072068633625,0.000263470381523,0.008439813292766,-0.00019206648577,0.002590786816056,0.309781526675579,0.18626370103207,-0.234689865375617,0.201713134439297,9.17626942588907E-05,0.005048589076088,-0.000442112734283,0.003220336054354,-0.132735316978631,0.421876435518264,-0.389855555388733,0.281203837986024,-0.001372789959149,0.004776481039823,-0.000863755667653,0.005484612490161,-0.360062559516531,0.354770461710351,-0.3661100854494,0.372313912910272,-0.001460518135181,0.01546956422919,-0.001088301779111,0.016923758263946,22,pattern-length-4
0.302527041549256,0.292596391239639,-0.009005842537716,0.033201815913505,0.001221712560929,0.004498370149997,0.000119792484189,0.001000899677769,0.34813073116097,0.23704758584471,-0.258185339266308,0.282237839516794,0.000747663551674,0.004837682118586,-0.000418406347225,0.001884214168359,-0.160756171550059,0.537329087728518,-0.463621860533616,0.33752702010596,-0.000996118582826,0.007443163605256,-0.001177550759519,0.006869847546358,-0.388872109841127,0.135545846871651,-0.493062744838642,0.144297296044962,3.95459838414786E-05,0.006395266446535,7.06714123526106E-05,0.008144132506445,22,pattern-length-4
0.307257270352112,0.228494478644082,-0.004353234783497,0.030506246550805,0.001727240411434,0.006010760375247,-5.30915648783604E-05,0.001084510714389,0.424393871050266,0.195099432907217,-0.275209825588064,0.275425994736649,0.001013585214093,0.005439215388402,-0.001031670038902,0.00230659004201,-0.203247616060765,0.556834796109994,-0.502042933959115,0.44117319017243,-0.00105312184156,0.009016902642406,-0.001984542578466,0.010310339656676,-0.296525545020131,0.233301653206212,-0.393806227081293,0.290284776310976,0.000829039168065,0.009447473107779,0.000777840105789,0.01095442152763,22,pattern-length-4
0.406359914161619,0.272125515236824,9.8890623713357E-05,0.025503428874764,-3.10621445691853E-05,0.010006727877921,0.000122246989297,0.0014008511861,0.408463546086548,0.171511948098853,-0.30202755065785,0.258242985520512,0.000359582235274,0.002913061374803,-0.000693568373223,0.002179818556944,-0.221509203462768,0.526930512918353,-0.499548590271291,0.414037776033191,-0.001131814608809,0.007593111185798,-0.001928670434673,0.007420923161753,-0.476594686253186,0.232555666972602,-0.593839304714917,0.344206015222054,0.00057170549177,0.010259153642961,0.001312929881223,0.01411200708651,22,pattern-length-4
0.458172132937811,0.304144430559689,-0.038855095564598,0.048045495591569,0.000149066866511,0.00564945879076,-6.84142675695242E-05,0.002047822268684,0.43811512705264,0.24130624546561,-0.272112510208565,0.31236750732352,0.001254751859885,0.005095834497666,-0.001023912104127,0.003330663333174,-0.229722332532687,0.679343903821963,-0.52617017169818,0.379003143105689,-0.001239099397923,0.010337856924244,-0.002210139387968,0.008520719287622,-0.467428937017811,0.190790581583338,-0.665172956334078,0.284228580295734,-0.002185482672026,0.015440347263442,-0.002511575902065,0.020755969226168,22,pattern-length-4
-0.00728841188575,0.034763146867881,0.416355689670222,0.389172754049241,-2.89967905102069E-05,0.001127775701245,0.002883067545142,0.006273065639692,0.079815438305811,0.110860472407578,0.043399121979715,0.142744344301344,0.000233548021627,0.001419332267167,-0.00016758124604,0.003358761606033,0.088157230277143,0.098507012764758,0.094797747562493,0.248565434297398,2.50164680513874E-05,0.002624399640341,0.000543958530059,0.001828462987755,-0.006782978433944,0.037408711391013,0.258886923073288,0.269626301646055,6.0367295448414E-05,0.001796356400511,-0.001137311836895,0.008141011635848,24,pattern-length-4
-0.044482491988667,0.070730136771019,0.657247028437717,0.687378320572317,-0.000910236437082,0.001773987066143,0.005638192048978,0.010024039608757,0.147696749029313,0.201222738747136,0.089301625080075,0.257923070163157,0.000678845290447,0.001934868579328,-0.000387131036261,0.006468222908724,0.117817223269368,0.124424746898698,0.14046417655974,0.30371913136207,0.000375173058044,0.004210818169034,0.001261680845663,0.002859287704905,0.025710088765688,0.033843284323684,0.28064366686774,0.218378370520242,0.000476011290468,0.001669967977198,-0.000562440951159,0.006957799023403,24,pattern-length-4
0.008261632849768,0.046851792630038,0.533000470675906,0.566000023335052,-0.000241741833404,0.001547198245139,0.005188760593233,0.009442223790326,0.218621529437139,0.34623439391526,0.139742173593756,0.315481760411027,0.001674875964836,0.003181264683926,-0.000512377070492,0.007676732738194,0.217689687755481,0.357385575389526,0.222039713004081,0.447414998716705,0.001070486268738,0.016279064214283,0.002725325434375,0.005468717872763,-0.00869554105674,0.045991331469222,0.428011583889987,0.473283946714945,0.000387740973543,0.001743764809878,-0.001155155697005,0.015870401116145,24,pattern-length-4
-0.033859044855291,0.047091533595945,0.57416365516377,0.623109956645476,-6.64377707511083E-05,0.001551898610534,0.003828741175891,0.008189658391167,0.181695350847001,0.265052044390213,0.156610269030856,0.342864389339293,0.001285287137466,0.002296104487931,0.000770008870692,0.013369045965661,0.139970831332932,0.212871889718397,0.205548248821053,0.444103315385461,0.000318566321418,0.007962380676814,0.001673747754109,0.003540768550425,0.043797126016288,0.033635097923111,0.357728067975361,0.381756331882073,5.39785982737616E-05,0.001560348050865,-0.000930036530582,0.013232794057573,24,pattern-length-4
-0.01499353500611,0.024791460181399,0.855187559439466,0.939707380637278,-0.000436916051508,0.001513884164149,0.013007828896257,0.014749546240886,0.21310435101553,0.334364685160154,0.15320336860182,0.388007007251081,0.001768454640061,0.003278870766209,-0.000673302864548,0.010004849031225,0.195532223238145,0.309591426484734,0.217825215838881,0.469476862538554,0.000616938125857,0.01311632924077,0.003026533497882,0.006178213694778,0.040607666295389,0.119373433865148,1.01066982656877,0.48220347995558,0.001196523202688,0.004842295615364,0.010410110217785,0.04566352968217,24,pattern-length-4
-3.59726756376379,2.71590925089344,1.63997469025131,1.17295716871625,-0.053162801669956,0.061160237823659,0.018250756542489,0.024470035070942,0.5765696664018,2.54284684403957,-0.738274886241784,1.7957655345985,0.01972019699602,0.097570434404276,-0.01793241048921,0.067377492541715,0.348287358683486,0.355223168003954,0.572408054644199,1.82448355460278,0.002898935072594,0.026584785660114,0.021496544833691,0.054861337707927,0.018841707048587,0.025339915513869,1.08677123509427,1.398544669645,0.000381191348753,0.001264424519978,-0.008802363373016,0.057543942958121,25,pattern-length-4
-4.45937631927092,3.92521472888308,2.59121635246534,2.35229433186672,-0.046409265853977,0.043258862518359,0.029444631092556,0.02541321674535,0.277041111234232,2.54461837045592,-0.723225736191736,1.66664243357627,0.019718039742308,0.127549468766949,-0.020126387468632,0.069728710208624,0.349615220017971,0.614989589633149,0.580584080804772,2.47518555735465,-0.000448749633753,0.040186939938891,0.014672902342427,0.07684336334893,0.031348743812711,0.266777874641086,1.21811402563955,1.07770810807205,0.003284678393169,0.013550648922359,0.005685059130536,0.081048680514529,25,pattern-length-4
-5.07913713827673,3.42426329189622,2.44739552033253,1.79863804984492,-0.007932391178888,0.074912222483599,0.009051008375489,0.037889170332596,0.216859683712415,2.25145641353517,-0.521256743456105,1.69137801947085,0.011101002666104,0.066275897085453,-0.008833773544856,0.032735611787752,0.534354368630294,0.512646364089656,0.154996858665933,1.82161522700087,0.001789690074662,0.032844652492558,0.017029906747545,0.05994657636374,-0.000272557875689,0.058406287976927,0.882344100054572,1.0700117615149,0.000569558061118,0.002059092131777,-0.008810124215783,0.038323035500322,25,pattern-length-4
-3.96858318802578,3.79948430558944,1.9838960497987,2.04788830472923,-0.055025646258941,0.048717751712568,0.031672310606877,0.031028458329544,0.447458666512272,2.24420387968309,-0.634678594899381,2.03235996590855,0.025101902523917,0.075415077472938,-0.0202329203222,0.055205853818078,0.473793365049414,0.771774732035142,0.260992146010275,2.29139738719782,0.001115977942358,0.058892470464176,0.017303279362715,0.080902710291026,-0.130290417322713,0.213113362080388,1.02747131003132,2.0206614445279,-0.000408452568443,0.012343930179353,0.00186097421658,0.102466146427196,25,pattern-length-4
-2.87634466991358,2.60407194889557,1.39090086657592,1.6010877805636,-0.032473366407299,0.051963269087419,0.018058540779564,0.02610098463778,0.419967411804408,1.64359142048903,-0.493649266984278,1.47546156188286,0.006384682889327,0.042608350860401,-0.005870609491999,0.031591033355214,0.648672304854201,0.709843581256142,0.031557266347171,1.72201867688112,-0.001142301176694,0.036171265088193,0.016081723356037,0.05393945012189,-0.089727088456121,0.144288438132797,1.23031385988566,1.61561546486557,0.000752412959776,0.009527731351105,0.006087789595707,0.114568164087138,25,pattern-length-4
2.80764943604828,2.08462523437167,1.37525395711263,1.56517393599527,0.019781953380954,0.036908784333743,0.019012535406954,0.019965799371618,3.5774575027765,0.14946116064594,4.60502220602597,0.849046245936682,0.069680545019306,0.124482274715988,0.083776309003467,0.196048181993575,-0.025743390756738,0.903960916547962,-0.614532950575916,1.94949661662525,-0.010281572523204,0.023388853905744,-0.024094626660583,0.050899003499448,0.418583775303297,0.138195729567393,-1.948507443823,1.86344654414943,0.004487994066268,0.003375151601967,0.004536194101516,0.092605022012501,27,pattern-length-4
2.80764943604828,2.08462523437167,1.37525395711263,1.56517393599527,0.019781953380954,0.036908784333743,0.019012535406954,0.019965799371618,3.5774575027765,0.14946116064594,4.60502220602597,0.849046245936682,0.069680545019306,0.124482274715988,0.083776309003467,0.196048181993575,-0.025743390756738,0.903960916547962,-0.614532950575916,1.94949661662525,-0.010281572523204,0.023388853905744,-0.024094626660583,0.050899003499448,0.418583775303297,0.138195729567393,-1.948507443823,1.86344654414943,0.004487994066268,0.003375151601967,0.004536194101516,0.092605022012501,27,pattern-length-4
2.19232549851941,2.3532593980306,1.56032098585559,1.77778323167557,0.031099444973853,0.031930336620559,0.022720996487525,0.025215504799793,4.04377707088695,0.616525683548833,4.48454812442555,0.911201304825581,0.036078275792739,0.075683414275082,0.038402315027574,0.090757126931542,-0.113996790708093,0.944155478135346,-0.78120465160496,1.808928950722,-0.008337872952519,0.023932144879788,-0.018895311057824,0.038016235957558,-0.411094733525512,0.536265648178727,-2.61997821478556,1.88168417585068,0.007020429598073,0.032051038592769,0.010717283789735,0.130230755431061,27,pattern-length-4
3.46512447508405,2.33498746296561,2.41326476016147,1.7249434283201,0.012572335142388,0.047473054776851,0.024576598695628,0.016377614980891,3.69777457769329,0.149095638087284,4.85666388581356,0.178853990099444,0.105657295322248,0.166962643312769,0.139123382840352,0.217791820750102,0.518438737938579,0.9488536254871,-0.3928500742671,2.30394641164952,-0.000885224398182,0.061468549785701,-0.01806945736926,0.074882294991721,-0.420298457924837,0.395711970784561,-2.35598860687963,1.81016876440711,-0.000495999753243,0.03104463525021,-0.007954030312055,0.15268114388509,27,pattern-length-4
1.69242744831124,1.82425367538585,1.74790119209675,1.94733464605356,0.02292752763639,0.028646616692445,0.025620688493003,0.027662711791412,3.93633712251769,0.076003894842944,5.23902259323474,0.235281600889488,0.114193948619931,0.170436265566648,0.158982112020945,0.197154470654799,0.314700530155264,1.26909706957283,-0.568664184827469,2.48198962502077,-0.00289707206663,0.052178616909571,-0.014812044963001,0.077008664053675,0.248756863712485,0.297799584776711,-1.13628271514294,0.868222076367334,0.001949391944286,0.014168006598748,-0.001997573348786,0.060081305367697,27,pattern-length-4
-0.360314890875111,0.386454537304296,0.010999665965796,0.040987355054157,-0.000324518058658,0.007017697900553,-3.44345605147517E-05,0.001415481406569,-0.473148882339486,0.197116311577286,0.357377979462159,0.324096463591823,-0.000903238510789,0.005774741472972,0.001132402310017,0.004262497869882,-0.07493476651318,0.126169962094748,-0.097103118278319,0.425577030662417,-0.000231527702973,0.003071426960489,-0.000619576181894,0.004968966978999,0.00987880503764,0.066926347290563,-0.727636515532616,0.098086548208329,0.000521757672249,0.002985642916694,-0.005597070741008,0.017063510976755,28,pattern-length-4
-0.323172631076464,0.280314792773959,0.012678030875092,0.028259138872896,0.000109147755926,0.006940470548191,6.72846247478331E-05,0.001569264824032,-0.359162205425813,0.188581426303391,0.231200111783549,0.28883307965514,-0.000618209174114,0.004296478160495,0.000386465704666,0.001931299670879,-0.093207537053623,0.120260324088834,-0.215020035000581,0.438231544999946,8.50724126857183E-05,0.00295168133542,-0.001512654269195,0.004650708431525,-0.084276014045811,0.031438337383166,-0.542054934510148,0.248102439021093,-0.000113735013684,0.001093628502409,0.000457766997354,0.009965555941545,28,pattern-length-4
-0.40899480757469,0.227679206535977,0.026685589220712,0.032611027436982,-0.001324550364172,0.005505837783841,-6.79995220509555E-05,0.001080388080411,-0.43463799830214,0.13792664338037,0.29072275688729,0.266177434489518,-0.000470645139498,0.003791139476296,0.000828177763982,0.002422383366132,-0.165477478312936,0.109716543595787,-0.193346728972573,0.518476361630718,-0.00016125256557,0.005238390236471,-0.001541901856005,0.007986068969338,-0.058251809988855,0.044360310790053,-0.429092026296132,0.263131525796915,0.000274858518904,0.001590049521418,0.001211002611038,0.008885636101886,28,pattern-length-4
-0.475937658351545,0.38596393336913,0.04746026865706,0.097270032851418,-0.002066247932612,0.014782934595272,7.44097902830502E-05,0.002335616407575,-0.443030564806768,0.14529297427817,0.311016845785547,0.333534718403305,-0.000600077225139,0.005310718305157,0.000567766470203,0.003848214421041,-0.231814387413001,0.135871159686922,-0.348297942992122,0.729887764213283,-2.72622916908992E-05,0.004144545669386,-0.003340950633201,0.012975324547623,-0.039979604901265,0.042395220127638,-0.593310604900104,0.421433062136218,-0.000155132538593,0.001915152455918,0.001708351266124,0.014493959600006,28,pattern-length-4
-0.381478415096507,0.372594971425145,0.026483417041799,0.047809847156765,-0.001278012685585,0.007381274164256,-0.000104294895395,0.00121934344327,-0.44348099685361,0.207949990830049,0.293167673597587,0.370627896011491,-0.00143400600094,0.006360229568116,0.001041140063635,0.003231225444079,-0.20866974020127,0.162770354840299,-0.320025529595124,0.532985418297508,0.000118639325218,0.005932518327301,-0.003283792248383,0.008463560483086,0.079110683321032,0.054631958800667,-0.550271735188512,0.406572719651977,0.000307196864194,0.00312333974045,0.001627088721962,0.018191234897422,28,pattern-length-4
2.48280165497207,2.12159643997483,-1.22508266945361,1.05250388350629,0.018891043347594,0.034659664867826,-0.009858820647705,0.017296315583178,-0.656484167560253,2.15372792397119,0.9358447900879,1.75070552775948,-0.012503147850225,0.078386882891329,0.016426967451213,0.044556782109061,-0.933458652598335,1.00618036525882,-0.822668280236011,2.42905300997233,-0.013471576145198,0.050941811752983,-0.012363379556928,0.075916604889134,-0.93238680970435,0.826606504763035,-1.32741244446998,0.997565140302865,-0.010143029236051,0.081985021528298,-0.015636390413243,0.110661332430258,33,pattern-length-4
3.36121571978401,2.70844070626005,-1.79646396771599,1.47313002125511,0.028598678296646,0.044806823501524,-0.017878076457039,0.024248470094449,-0.794032000451104,2.13917649584288,1.20911498588249,1.97535578789916,-0.014210906779331,0.083248648687481,0.017003316397169,0.065918540658059,-1.25181789704185,1.00403933623349,-0.289450007963946,2.09529279964632,-0.015471678323076,0.045490648079842,-0.026903120218204,0.05085401799533,-1.37959543727936,1.09318446166065,-1.93524265663297,0.688309642059435,-0.014253733304403,0.10348790832666,-0.03096279472145,0.100431598966589,33,pattern-length-4
2.32669992157907,2.87176658298771,-1.10025242914845,1.38207259329992,0.032892521922489,0.041744888425111,-0.015509959586257,0.02119383282591,-0.837951252167238,2.93639693020875,0.983654346341401,1.92063494678277,-0.023968511662855,0.102180151000152,0.023876836612582,0.053198038958933,-1.36873195373934,1.38609140570726,-0.192912880891289,2.67363262561047,-0.021808337883624,0.082176497229855,-0.019670068272569,0.097111513394282,-2.07432800945751,0.870794722040274,-2.5966545009783,0.544411682074055,-0.024335184624276,0.130800052778634,-0.040876092757771,0.126125358829396,33,pattern-length-4
3.01900882822945,2.96902458586055,-1.5401841542725,1.54648565907412,0.030911833353925,0.033272084694918,-0.016266619494429,0.018614820071232,-0.780606225977607,2.31039378075493,1.60354473909592,2.64603821152918,-0.030734494038346,0.055920666560036,0.039231030190977,0.050213492775663,-1.8852342392368,1.22140687328932,-1.61457287521498,3.34659245659654,-0.030336951847491,0.087146484882504,-0.026552273213255,0.089077331718654,-1.26538163455412,1.02857399868808,-1.36447820816448,1.00127990514283,-0.007912793898965,0.071694733312184,-0.009653917608414,0.07255151916143,33,pattern-length-4
2.63911983061602,3.03783019693517,-1.17458026090408,1.38274398493029,0.039337982660921,0.046001828330198,-0.01771719197476,0.022138743696448,-1.55148764217601,1.43386853825641,1.84202351289637,1.5271483054636,-0.016950585300397,0.033643441634166,0.01540944815507,0.037969305078984,-1.71592103527313,1.79865272484117,-1.02473395697057,1.86465639447562,-0.029051061561177,0.051092212256054,-0.02393562203779,0.048620179724215,-1.41765810313978,0.766093132392837,-2.88910022534822,0.352305630924854,-0.027373389193886,0.134473459795216,-0.08249945389597,0.160710050453662,33,pattern-length-4
0.551479706266658,0.447130414918063,-1.15535065831266,0.947913076410026,0.002168804726218,0.011539966904782,-0.004319646963693,0.023984909090375,0.023130100174943,0.086805994885245,0.055194852973413,0.357995757603621,-0.00011702507531,0.002590850806748,0.000878716051396,0.005978351507947,0.050495484296013,0.03752419782371,0.463964971416562,0.344158943558016,-8.88667733778195E-05,0.001920067008701,0.00199115252218,0.008007889084254,-0.01225679285386,0.055210915914181,0.319463374771961,0.279330098918849,-0.000503888765671,0.001677125783029,0.001680877436438,0.016816545563726,34,pattern-length-4
0.419154138063577,0.293429494395707,-0.86443752783505,0.592868964883961,0.00114227247021,0.005690208958158,-0.002357019308295,0.010264290427399,0.098271171039439,0.104607211376517,0.146568556945379,0.684326085509437,0.00048969533919,0.005756595299181,0.002752438555534,0.012537923734831,0.052087528820344,0.066997179522574,1.01705883658506,0.342093045539469,0.000211668717689,0.001771928706941,0.001509897191202,0.019239592077794,-0.00834411227352,0.03485652118664,0.182006422767675,0.203047436483319,-0.000165569720518,0.000929718743185,-0.000797267792691,0.005413971048515,34,pattern-length-4
0.509292899638753,0.420917455904303,-1.07887318071213,0.895229798158847,0.002016312633479,0.013064644839325,-0.005236188322093,0.024508252581275,0.098126504412408,0.106254056871908,0.247401666007022,0.829056994296673,-0.000687464808825,0.003986906744453,0.006156035743962,0.011086029713325,0.00017825311943,0.036933254865951,1.38992617466021,0.268880282845582,0.000361907848539,0.001014243492142,0.005479520939017,0.024975978146354,-0.000873431037454,0.029809537126571,0.333420498825862,0.314767336851291,-0.000255766498568,0.000857430614889,-0.001563686644406,0.010244664795499,34,pattern-length-4
0.509630262876234,0.34406651425792,-1.06963371978806,0.708860483954211,0.002373985834681,0.013379944964695,-0.005280708971991,0.026445815755852,0.086653555169108,0.126907189483193,0.144718246777286,0.773510824848147,-0.000354030817848,0.004137766064637,0.005310194725841,0.011205148509461,-0.030287015374332,0.042538123087541,1.5025459207953,0.229799150033944,-0.00050823661076,0.00234107113198,0.014862246174149,0.050388567173856,0.004119360146402,0.011415084888173,0.470342703620866,0.329788956153361,4.84238387450568E-06,0.000519811412805,-0.001282023433744,0.012684269551549,34,pattern-length-4
0.453695522120869,0.352281819592935,-0.942168742608016,0.712992671321056,0.001960228647651,0.004721885168627,-0.004831905870977,0.008917586113543,0.070538724078943,0.162488849835012,0.215130346738749,0.934846875478207,-0.000614173662164,0.004715476574613,0.005879808951854,0.013491842591874,-0.028904797559116,0.041057084469409,1.6409855670895,0.283098276319137,6.35597428053092E-06,0.001850767833536,0.007631975892034,0.033398382412332,0.014705882352941,0.024607647839238,0.576716934073286,0.35460518035604,-0.000288350634371,0.001610638990054,-0.000413548763357,0.014790285805874,34,pattern-length-4
-0.843249870069099,0.829420086003385,-0.872442160485688,0.897059983106934,-0.011113780253167,0.012242320164651,-0.011740350394033,0.012489924303498,-0.10918983130626,0.503392641826735,0.117329604839613,0.756332094641316,-0.000786931097842,0.023290830488144,0.000781252083934,0.024932750711231,0.443698250673671,0.469275864195177,0.055235946799481,0.27037164486289,0.00087806001454,0.003278315919637,0.000321768091546,0.009264232117463,0.316337797992066,0.273906238851537,0.015476212883206,0.017273656324632,0.000528940961738,0.011439949023603,9.77993214138696E-07,0.000833182036137,36,pattern-length-4
-0.216169560259556,0.237878494222498,-0.233254281086653,0.254783762192677,-0.001006769211036,0.007169745291219,-0.001110349422287,0.006938309420207,-0.098695847652388,0.181877293931896,0.117979878178487,0.450447181361122,-0.000139646376182,0.006570826161588,0.000795335949605,0.006973655145141,0.477537848038829,0.453844927246805,0.085261109726206,0.267753543556919,0.000681847543699,0.004009176945416,0.000240620056981,0.007250833638118,0.264548666701233,0.19420229224341,0.00279763894194,0.007129777223523,-0.000530023291205,0.005085638459658,4.13952488126389E-06,0.00023417165083,36,pattern-length-4
-0.264514846266839,0.20197007812416,-0.244326059596424,0.192928021261847,-0.000716712298907,0.004759726139244,-0.000768648312177,0.005319606329751,-0.100199885028564,0.096250259327298,0.132566971548961,0.417439968222443,-8.59860698056301E-05,0.001893659509156,0.000731700898704,0.004055960316349,0.395980382578039,0.255700829472326,0.051795227990717,0.214251748119014,0.000425723495439,0.002727628347132,0.00011177728101,0.003338201954251,0.289610261143787,0.10853332708725,-5.24273880675266E-05,0.010557221527032,0.000247095541015,0.004181844528062,1.54198200198607E-06,0.000449241145913,36,pattern-length-4
-0.257144567220664,0.23918510428031,-0.258448873542778,0.234251275412336,-0.0006309793704,0.007355307875529,-0.000816041855569,0.006613935594512,-0.103809170648122,0.152027412984503,0.126141639332332,0.346752184870837,3.84794852321447E-05,0.003033817017935,0.000597790911583,0.00320584172435,0.481948433656466,0.313556034911784,0.068741550797343,0.208292755539419,0.000978869302292,0.003951499941908,0.000318534512578,0.004932493908127,0.284612725372464,0.151058267372666,0.01693199474392,0.025110098782462,0.001222982472891,0.008690098852428,-0.000303266000648,0.00153707023485,36,pattern-length-4
-0.305842915091285,0.310074850644487,-0.335512466838653,0.336730391447138,-0.000542846323043,0.003845570381006,-0.000686892040809,0.003436765199251,-0.089618798699986,0.172674875361652,0.209142140361856,0.536825731934435,3.66432012408148E-06,0.003469908030478,0.001299404835251,0.007646292486752,0.507955049034668,0.448152985678969,0.07489425704989,0.150436294747999,0.000804822282566,0.004078303008208,-0.000120669413426,0.002307592493897,0.308062878323678,0.185414963072923,0.007381489527629,0.014289221978401,0.000647552254378,0.008410450267043,-6.79946003389708E-05,0.000699769026168,36,pattern-length-4
0.606526314082166,0.580404978807034,-0.310657664107225,0.295846691681327,0.001560976736746,0.006019999897913,-0.00086644330569,0.00300314862348,-0.115880404670396,0.409717462326798,-0.209169813868409,0.268018293034106,-0.000365907529348,0.008863485349437,-0.001132026542026,0.005804030820686,-0.122715176047337,0.175953168526424,0.205796395484685,0.774015876252845,0.000619957435404,0.004594213241537,0.004407240206434,0.008557865305518,0.059652334611046,0.042360664515792,0.377196476069121,0.431659808569703,-3.937552138814E-06,0.002211956750233,-0.00153531038489,0.018576939974371,37,pattern-length-4
0.99261688609326,0.823391021593017,-0.425104738162133,0.385135726025579,0.004440146254434,0.013726958645023,-0.002197965183649,0.00763105702277,-0.208774408311798,0.713612791879369,-0.484078028683508,0.48170220903574,-0.003386913413197,0.011932192430603,-0.003499383530562,0.007272332476505,-0.183922360216799,0.289109541904067,0.268535929071854,0.924819867879501,0.000914802112776,0.008483202701675,0.005337267388257,0.013056282804069,0.097575767367494,0.084050289941244,0.653718958563983,0.361333123044572,-0.000403662728878,0.004071116617446,0.000567916705322,0.021605254684452,37,pattern-length-4
1.03202348305489,0.795113808301904,-0.517290955133829,0.410624706530257,0.001477197709934,0.017518470358855,-0.001032260179215,0.006274442159974,-0.206280390421549,0.712759618675901,-0.423935225515655,0.486465459714713,-0.00203849330212,0.016487521830435,-0.004592017825335,0.010582083132285,-0.229856652739059,0.315978425351227,0.193144589802605,0.907799613507839,0.00031763148988,0.009720663672194,0.006442094160668,0.014234859948258,0.108107880418384,0.050704095206462,0.418253783817031,0.540186815339652,0.001449411669443,0.0035897558929,0.002461356998359,0.035215097621039,37,pattern-length-4
0.988237698532893,0.63634328604713,-0.521885567822063,0.330838317972282,0.003449943399187,0.015066551878388,-0.001734169157754,0.010442787407625,-0.242375035063741,0.677294513201208,-0.440570226115126,0.493474251677204,-0.003129303215018,0.010947204208368,-0.002601163717237,0.008455817551397,-0.15761859007556,0.298088576395284,0.18458509076867,0.835859077645815,0.000880637285401,0.008612605171691,0.005886154783839,0.012387245862597,0.092455229384012,0.025595511008509,0.710149060586001,0.490336546241933,0.000690998609626,0.002153693144592,0.002894046174149,0.030451074358141,37,pattern-length-4
1.10050249014734,0.828396731577107,-0.58056992855514,0.456706352935739,0.009832538090879,0.032867433410849,-0.005742473570518,0.022592307521826,-0.245422046409784,0.708375034773521,-0.460405697202088,0.451915338306691,-0.003968946412268,0.009753011657635,-0.002785880919853,0.007025307989873,-0.15637039168498,0.402112453017514,0.269006211412646,0.910851421211572,0.001017557997078,0.011770247247742,0.006637102186692,0.012548673329437,0.19154846824301,0.057867574278936,0.836955367951035,0.497108984996026,0.0032730956316,0.009313128772601,0.011669227516431,0.056366183067655,37,pattern-length-4
0.55234277053495,0.589407211311749,-0.052757368936936,0.054901477398456,0.005922012268531,0.009058650051186,-0.000703746125934,0.001380350489827,1.29948775075549,0.047683963069929,-0.141464369394775,0.076720159617104,0.007209106330116,0.018255061604192,0.000795967043652,0.004529364924759,0.271997322963474,0.370220792595383,-0.577749417403779,0.385107769131661,-0.001224148036265,0.011481504278879,-0.00375228214031,0.003981215114499,-0.01143638015694,0.047159951332408,-0.436407032406357,0.217060437763852,0.000470095742644,0.002405855224967,-0.00280868875691,0.01790950562878,39,pattern-length-4
0.653203657391662,0.847989093829033,-0.053548313079671,0.073901584863155,0.009913872381005,0.019556430961452,-0.001010275737517,0.003089838089858,1.33955726011552,0.225202807681154,-0.080221048084243,0.037813117166257,0.004532180852022,0.023058503306976,-0.000510295331882,0.001662751945678,0.14522140058675,0.238295095072628,-0.354571707278437,0.289204428164096,-0.000391003420516,0.00668399456173,-0.00163409087682,0.003802714877132,-0.003787878787879,0.010713739108887,-0.321817283324379,0.248148423227,3.37600604980283E-06,0.000483660104003,0.00054766338912,0.008023788173721,39,pattern-length-4
0.778063494732036,0.777472498278557,-0.034452457903966,0.038809757686842,0.008659535961823,0.018151817487804,-0.000305837191326,0.001775346685386,1.28097306249826,0.147102373726406,0.03070068359375,0.031194219380895,0.013592873971229,0.039942856792454,-2.23983495128424E-05,0.001335696127904,0.136395436601955,0.255497854436261,-0.30672511451407,0.405943150265,0.000488618544903,0.010252474512988,-0.001583270223153,0.00441857063825,-0.0078125,0.02209708691208,-0.22138667829109,0.230562809114139,0,0.002087978452441,-0.001811134405038,0.015403733707067,39,pattern-length-4
0.555482046701904,0.834952238587269,-0.004711293919201,0.051116799797079,0.009197297349685,0.012255692756495,-0.001085157272382,0.003728538708954,1.94437169093712,0.235601561063719,-0.05009435969878,0.047793675997581,0.024728605762306,0.067498936475975,0.000152194883027,0.005087684222311,0.080207473059359,0.281169602043943,-0.441569907992494,0.447571822879203,0.000588694230606,0.014588142109124,-0.002466054462385,0.005853540524537,0.019689570830108,0.026756007255587,-0.321438800295953,0.249165313872871,0.000302124625821,0.001245946136347,0.00144599255314,0.010388636399849,39,pattern-length-4
0.61934443704443,0.822684590534123,0.065459419699276,0.078941349977502,0.012602029202509,0.015431252789734,0.000130212714049,0.002823698451422,1.56328950225776,0.383930160153287,0.000639248064283,0.035269070664628,0.014875377313087,0.057144507942076,0.000340619151566,0.002557192834893,0.167344746218504,0.179724080391798,-0.424516592858734,0.601393104280159,0.00059690475272,0.009971669957327,-0.003747913066628,0.006205649600066,0.01496054909446,0.052123504908796,-0.623166470179158,0.37226339743072,0.000484612330627,0.001772185879117,-0.007373325197201,0.036934959360991,39,pattern-length-4
-0.36875884811296,0.345266555135092,-2.29563885959074,1.67974872716889,0.005572760165756,0.018095106960907,-0.016013146871739,0.029650738511093,1.12792417511512,1.71864872075045,-1.05377915326287,1.1834248657501,0.018573785733137,0.033716091356831,-0.005579681716314,0.088622270566566,-1.07493944388467,3.33392586568425,-0.667128782814779,1.45448829409205,-0.0051818666235,0.132755916585862,-0.004906842397539,0.039754498073111,0.087647365883377,0.063114212731186,-0.502897462397989,0.340745995004961,0.00087561910666,0.00256713092334,-0.000706867789273,0.019277695650442,41,pattern-length-4
-0.611801421439445,0.50998029007893,-2.23362005651892,1.97920608640902,-0.005114935533414,0.013405438951408,-0.030590837898313,0.025983130488986,1.3428302982548,1.28439514776351,-0.950364740265755,2.11397739762115,0.029055720253133,0.053027291300757,0.006876629796817,0.102460378804495,-0.674257041582095,2.93837587966793,-1.49946771713502,2.21356850423007,-0.049079190963492,0.074149856403239,-0.035572862288465,0.057801317894739,-0.868922551472982,1.53521561417639,-0.776010924694585,0.994384139732062,-0.004043648124704,0.127889735627452,-0.004028203990633,0.081359961842576,41,pattern-length-4
-0.411091455732073,0.533662998942047,-2.09965427943638,2.87664920785597,-0.007039715903146,0.009103731113876,-0.036908503941127,0.050540964868699,1.0625701436077,2.23451262688423,-0.680118436869475,1.34251532476261,0.029733453987578,0.046288914409734,0.006141021109939,0.03895539221137,-1.40856922473783,3.16926542545861,-1.21543082243477,1.32875046127401,-0.001782632341792,0.112283918845915,-0.007842821997819,0.04223434849156,0.292432156779671,0.992796333607972,-0.904438085825594,0.61774444038445,0.022200267858485,0.052509580683201,-0.00724418695124,0.030462751869904,41,pattern-length-4
-0.478806229325028,0.482113806291985,-2.08621429934906,1.71697938722517,0.001470052521106,0.015471446775318,-0.017722465653929,0.017508071267871,1.06218709509357,1.28908150526231,-0.618050949812927,0.927453972776366,0.025757629249469,0.037866584638532,0.00140351846823,0.046335079322058,-0.909334352277975,3.08525026353086,-1.24312025280224,1.43065429702034,-0.021468279658814,0.078899234064136,-0.009926427500453,0.036056166289348,-0.691688356673957,0.58964747910688,-0.387437859776368,0.279476502939251,0.003756658077797,0.023371474190554,0.000293864485877,0.012696952292786,41,pattern-length-4
-0.790949959923995,0.689622718255365,-2.50705180297537,2.12298067388071,-0.006437403507073,0.005447665415099,-0.014222506709099,0.019047083790614,1.8628646390519,1.83438829217955,-0.082841135043427,0.581749332523832,0.027984216679728,0.036933619538347,0.0033783067517,0.026433282233062,-1.45548194309536,2.71859079367843,-1.32972778546973,0.965497224056789,-0.002724550566174,0.108431528914859,-0.004759367045692,0.026802564611395,-0.133951691085217,0.527818182470271,-1.51179831635718,0.216372958144434,0.007069262780968,0.016288213145601,-0.007672160950957,0.024992652584783,41,pattern-length-4
-2.16155540359839,2.25968425072467,0.395808201210172,0.420327118979135,-0.059654589178076,0.08173483276221,0.011118318862223,0.0153400241998,1.78588831595588,2.7363975638605,1.05662256932458,1.17207997923109,0.036227317994345,0.067167509397973,0.01607437808935,0.021905085745714,-0.829629012767512,2.01576889470629,-1.93529462605749,2.33392065398292,-0.008090145085132,0.062315632713795,-0.013664123581408,0.050359249170042,-0.347425386894091,1.20663365415266,-1.31556134795281,1.6856846027629,0.013030108875122,0.052389651562104,-0.00218216719337,0.10415461001746,42,pattern-length-4
-1.87381096844598,1.77867717253378,-0.083300073046167,0.062740671074252,-0.033776566515455,0.027624041961817,-0.00100559291714,0.001582312515166,1.56198569454317,2.73512182770637,0.81378316205829,0.708921282029812,0.013375608101813,0.077690102657913,0.007178994865133,0.012907351233754,-0.900999857506923,1.48173331269912,-1.40461229359519,2.03731588827747,-0.009462771178818,0.029362611425972,-0.01828148128178,0.035696170480563,-0.097516361900688,0.511572860078411,-1.10023816245267,0.706402855077455,0.004310683421203,0.017195644642228,-0.002288673799607,0.051495671697886,42,pattern-length-4
-2.25723549824903,2.06972215298831,-0.010096077967172,0.017486919996318,-0.031508621031115,0.027316068398589,0.000143101789369,0.000714009997729,1.92659776657023,3.25874772147088,1.10246758282503,1.19861627833064,0.025831652967436,0.066988353554581,0.01259303852224,0.01558039119337,-1.04445318931116,2.23267143345778,-1.94837443638282,2.67908738486292,-0.014356414032556,0.068121170482297,-0.02790604898456,0.05770042289942,-0.511980454098661,0.653609180219063,-1.15230654140207,1.38510200258216,-0.002170956101628,0.0526183236979,-0.006586010034483,0.1108287968689,42,pattern-length-4
-2.11915800923049,1.97043264362769,-0.469125048704822,0.389324349699307,-0.020608368721394,0.017445697048284,-0.00338419368243,0.003822048276369,2.18850155284698,2.31786291821476,1.20075190743023,0.929951780558531,0.001873026772179,0.052496846259096,0.000361644809562,0.021911209974626,-0.435929899282519,1.19388966995834,-0.945069827124677,1.59148964251054,-0.003797592933751,0.022513106545865,-0.006291863607653,0.022342814589636,-0.219924813427531,0.221533984881511,-0.898861944569198,0.668351179394121,-0.000893581413568,0.016980588114427,-0.007504881714833,0.057746025742306,42,pattern-length-4
-2.25306156169315,2.38712549485067,0.053065230758102,0.0607815629961,-0.022533801118827,0.019622523985665,0.000557794600991,0.000532519670618,1.64307661897996,3.5426037403678,0.886330750409294,1.33122193265391,0.024377896051506,0.068447327159104,0.014074872398047,0.018257798317137,-0.648498339816056,1.83471743201475,-1.67913525967249,2.15512530418868,-0.0067500943496,0.059380912679852,-0.017708070979187,0.044446529852834,-0.440091763602813,0.404768882243433,-1.07235826372629,1.06397452085448,-0.00024591726851,0.025336045525953,-0.000436740904616,0.067351377802724,42,pattern-length-4
-1.93316308947204,0.890600806781038,-2.02591019665128,1.34119858046049,-0.025620057598538,0.027640772620814,-0.035815443816339,0.019304734295135,1.46943998195129,1.67932814221488,0.674866368185532,1.51595741468991,0.001575798252468,0.034072856653746,0.001403682981779,0.033518095801735,-0.381918972863758,0.709819956373042,-1.36086681182372,1.64056610484032,-0.000738361268254,0.01684628389939,-0.001579119250766,0.038076940054828,-0.40934835843575,0.193057247224277,-1.23920074922519,0.419359275542259,-0.002267478918261,0.009774061254092,-0.008181859127112,0.032503167550616,43,pattern-length-4
-2.01737938321635,1.37156050833968,-1.88453808136802,1.54531705239714,-0.037196122408273,0.069440136606743,-0.034674702255931,0.033643222514621,1.84768501549198,1.90963866564352,0.875777944382357,1.57915388514509,0.00683881098423,0.061928175885459,0.001453022694618,0.065635578657824,-0.906385414953113,1.22580728049408,-3.09142142991119,2.95885151692234,-0.021938616539458,0.034961677408211,-0.054722818212475,0.086919519796407,-0.904982286531445,0.767705438534182,-1.60030208681484,0.623853200077739,-0.005195071782313,0.064360789808272,-0.015349383167856,0.080921640137467,43,pattern-length-4
-1.98361389835843,0.862989714355128,-1.97075485743415,1.10442677774671,-0.012537083754847,0.018874622760271,-0.015566875928349,0.01899377367509,1.66227938062154,2.14325927233515,0.896504729118506,1.93866865052022,0.010610679683078,0.049940019524676,0.009334781209201,0.049419791848141,-0.369686044657861,1.11871364589477,-1.39330962572647,1.7860690113674,-0.005260523671825,0.024311740942461,-0.011856997544707,0.026951829836136,-0.529483625170594,0.275523129366139,-2.72756582657921,0.737091464630078,-0.005070596242758,0.023869277452563,-0.033429749296736,0.091949014819757,43,pattern-length-4
-2.10808133476224,1.53393786266727,-1.73217956278747,1.88992988092408,-0.025930494679029,0.026914930579692,-0.032050537087703,0.02902549526312,1.82573136416349,1.98296085723255,0.825684835849882,1.41902383474035,0.003138523313112,0.049604144848714,0.001405245381318,0.055158684395797,-0.47374359302424,1.34076398990157,-1.47056725524375,2.47137534889206,-0.010887167346451,0.023777281466563,-0.018284728300395,0.032173630870608,-0.652638230192372,0.671850771233449,-1.66880331140118,1.33895593984513,-0.001813872560026,0.048749224363378,-0.00835476781659,0.106875786435506,43,pattern-length-4
-2.10808133476224,1.53393786266727,-1.73217956278747,1.88992988092408,-0.025930494679029,0.026914930579692,-0.032050537087703,0.02902549526312,1.82573136416349,1.98296085723255,0.825684835849882,1.41902383474035,0.003138523313112,0.049604144848714,0.001405245381318,0.055158684395797,-0.47374359302424,1.34076398990157,-1.47056725524375,2.47137534889206,-0.010887167346451,0.023777281466563,-0.018284728300395,0.032173630870608,-0.652638230192372,0.671850771233449,-1.66880331140118,1.33895593984513,-0.001813872560026,0.048749224363378,-0.00835476781659,0.106875786435506,43,pattern-length-4
