timeBetweenDown,timeBetweenUp,timeLapsePress,x,y,timeBetweenTouch,timeBetweenDown,timeBetweenUp,timeLapsePress,x,y,timeBetweenTouch,timeBetweenDown,timeBetweenUp,timeLapsePress,x,y,timeBetweenTouch,timeBetweenDown,timeBetweenUp,timeLapsePress,x,y,timeBetweenTouch,timeBetweenDown,timeBetweenUp,timeLapsePress,x,y,timeBetweenTouch,timeBetweenDown,timeBetweenUp,timeLapsePress,x,y,timeBetweenTouch,timeBetweenDown,timeBetweenUp,timeLapsePress,x,y,timeBetweenTouch,timeBetweenDown,timeBetweenUp,timeLapsePress,x,y,user,length
274195252,274195321,69,110,95,193,274195514,274195614,100,71,81,311,274195925,274195980,55,79,100,1550,274197530,274197589,59,110,132,381,274197970,274198056,86,81,93,204,274198260,274198289,29,61,84,333,274198622,274198681,59,100,98,379,274199060,274199115,55,134,68,1,pin-length-8
274205713,274205800,87,89,100,292,274206092,274206166,74,103,71,301,274206467,274206550,83,83,83,978,274207528,274207617,89,109,100,220,274207837,274207917,80,93,121,226,274208143,274208176,33,71,90,383,274208559,274208634,75,77,124,333,274208967,274209042,75,91,97,1,pin-length-8
274215052,274215135,83,105,94,202,274215337,274215412,75,75,114,183,274215595,274215677,82,52,68,451,274216128,274216169,41,106,138,374,274216543,274216603,60,99,87,394,274216997,274217028,31,77,122,1102,274218130,274218178,48,75,69,227,274218405,274218445,40,90,93,1,pin-length-8
274224793,274224889,96,112,94,209,274225098,274225213,115,82,114,210,274225423,274225497,74,98,106,453,274225950,274226056,106,121,124,279,274226335,274226389,54,104,104,289,274226678,274226723,45,69,93,386,274227109,274227182,73,60,104,226,274227408,274227439,31,102,83,1,pin-length-8
274233652,274233759,107,85,121,234,274233993,274234108,115,92,91,335,274234443,274234500,57,71,116,377,274234877,274234942,65,91,124,318,274235260,274235317,57,133,66,200,274235517,274235576,59,96,121,208,274235784,274235841,57,98,97,187,274236028,274236067,39,104,115,1,pin-length-8
274364071,274364106,35,97,77,171,274364277,274364348,71,113,100,194,274364542,274364622,80,45,70,533,274365155,274365199,44,113,16,1423,274366622,274366673,51,97,111,221,274366894,274366958,64,173,55,1281,274368239,274368300,61,107,54,465,274368765,274368799,34,41,48,2,pin-length-8
274383400,274383462,62,122,94,194,274383656,274383679,23,109,113,242,274383921,274383988,67,78,107,779,274384767,274384838,71,102,54,264,274385102,274385171,69,122,44,272,274385443,274385471,28,134,82,384,274385855,274385913,58,99,93,272,274386185,274386238,53,85,83,2,pin-length-8
274391336,274391357,21,108,94,355,274391712,274391765,53,96,82,176,274391941,274392015,74,64,171,558,274392573,274392631,58,121,93,342,274392973,274393048,75,116,45,267,274393315,274393365,50,129,26,210,274393575,274393632,57,111,73,220,274393852,274393891,39,72,73,2,pin-length-8
274399551,274399626,75,147,70,201,274399827,274399893,66,126,132,270,274400163,274400218,55,71,98,917,274401135,274401218,83,109,98,254,274401472,274401534,62,118,70,252,274401786,274401818,32,110,56,300,274402118,274402169,51,110,51,237,274402406,274402435,29,56,84,2,pin-length-8
274407961,274408028,67,102,97,185,274408213,274408269,56,106,97,202,274408471,274408512,41,70,92,767,274409279,274409344,65,76,68,286,274409630,274409719,89,114,90,218,274409937,274409987,50,145,83,185,274410172,274410245,73,109,85,154,274410399,274410438,39,79,111,2,pin-length-8
274510959,274511019,60,117,83,281,274511300,274511352,52,98,133,556,274511908,274511976,68,109,76,86,274512062,274512102,40,70,102,162,274512264,274512311,47,90,73,142,274512453,274512502,49,68,90,568,274513070,274513152,82,105,76,110,274513262,274513319,57,138,53,3,pin-length-8
274518090,274518144,54,113,80,211,274518355,274518412,57,61,56,270,274518682,274518737,55,143,73,60,274518797,274518846,49,94,98,76,274518922,274518954,32,78,79,787,274519741,274519770,29,60,61,777,274520547,274520613,66,117,85,136,274520749,274520788,39,108,129,3,pin-length-8
274525643,274525714,71,81,90,210,274525924,274525981,57,97,90,212,274526193,274526248,55,107,93,59,274526307,274526364,57,71,112,92,274526456,274526506,50,120,78,110,274526616,274526648,32,75,117,512,274527160,274527239,79,98,60,110,274527349,274527398,49,117,92,3,pin-length-8
274535836,274535892,56,83,89,160,274536052,274536101,49,97,81,170,274536271,274536309,38,130,73,85,274536394,274536443,49,58,88,42,274536485,274536526,41,108,44,213,274536739,274536777,38,70,71,304,274537081,274537126,45,79,58,152,274537278,274537292,14,65,132,3,pin-length-8
274543477,274543527,50,115,83,290,274543817,274543869,52,103,79,153,274544022,274544078,56,106,88,85,274544163,274544212,49,76,86,67,274544279,274544328,49,99,86,102,274544430,274544494,64,79,54,305,274544799,274544870,71,99,96,120,274544990,274545020,30,80,120,3,pin-length-8
274770660,274770764,104,81,43,25,274770789,274770856,67,100,68,187,274771043,274771122,79,97,80,84,274771206,274771289,83,83,75,42,274771331,274771390,59,107,83,178,274771568,274771631,63,114,34,110,274771741,274771832,91,97,108,33,274771865,274771923,58,143,70,4,pin-length-8
274776929,274777016,87,86,108,68,274777084,274777158,74,84,81,171,274777329,274777400,71,112,73,92,274777492,274777557,65,83,78,69,274777626,274777675,49,94,92,162,274777837,274777892,55,86,48,126,274778018,274778109,91,109,114,545,274778654,274778691,37,119,90,4,pin-length-8
274784211,274784286,75,79,80,59,274784345,274784418,73,104,52,163,274784581,274784669,88,119,74,68,274784737,274784793,56,100,111,68,274784861,274784936,75,138,62,170,274785106,274785151,45,116,95,103,274785254,274785328,74,112,100,92,274785420,274785478,58,143,79,4,pin-length-8
274790558,274790620,62,82,103,177,274790797,274790854,57,105,70,204,274791058,274791138,80,131,122,134,274791272,274791362,90,95,62,85,274791447,274791514,67,134,79,202,274791716,274791771,55,137,94,109,274791880,274791979,99,115,152,118,274792097,274792154,57,153,57,4,pin-length-8
274797596,274797648,52,73,69,84,274797732,274797789,57,128,66,218,274798007,274798065,58,127,87,117,274798182,274798239,57,99,70,85,274798324,274798365,41,143,79,201,274798566,274798623,57,108,36,209,274798832,274798898,66,110,130,143,274799041,274799089,48,132,46,4,pin-length-8
55981626,55981687,61,138,113,176,55981863,55981931,68,122,113,168,55982099,55982157,58,117,79,293,55982450,55982492,42,133,114,192,55982684,55982744,60,121,96,176,55982920,55982988,68,104,71,276,55983264,55983314,50,125,126,176,55983490,55983542,52,150,83,7,pin-length-8
55988334,55988410,76,145,92,217,55988627,55988669,42,135,121,235,55988904,55988947,43,77,92,300,55989247,55989315,68,155,105,168,55989483,55989542,59,128,87,169,55989711,55989788,77,62,72,246,55990034,55990076,42,135,117,184,55990260,55990293,33,140,49,7,pin-length-8
55992027,55992086,59,134,111,209,55992295,55992337,42,154,115,201,55992538,55992598,60,82,107,284,55992882,55992945,63,143,107,242,55993187,55993220,33,137,84,201,55993421,55993489,68,55,75,226,55993715,55993774,59,165,88,169,55993943,55993993,50,146,66,7,pin-length-8
55995381,55995449,68,130,135,218,55995667,55995726,59,125,99,201,55995927,55996004,77,130,101,250,55996254,55996330,76,162,131,168,55996498,55996558,60,128,96,167,55996725,55996802,77,91,57,226,55997028,55997087,59,153,96,159,55997246,55997306,60,154,60,7,pin-length-8
55998272,55998340,68,165,95,259,55998599,55998651,52,76,123,200,55998851,55998919,68,133,92,251,55999170,55999238,68,153,128,176,55999414,55999473,59,167,74,159,55999632,55999700,68,139,71,242,55999942,56000002,60,123,113,184,56000186,56000220,34,160,66,7,pin-length-8
56444788,56444865,77,100,91,201,56445066,56445125,59,78,77,144,56445269,56445355,86,65,107,194,56445549,56445618,69,146,94,135,56445753,56445825,72,156,89,127,56445952,56446019,67,116,68,202,56446221,56446291,70,125,73,152,56446443,56446494,51,132,88,8,pin-length-8
56450789,56450874,85,127,131,202,56451076,56451126,50,127,107,193,56451319,56451379,60,120,108,251,56451630,56451681,51,101,115,193,56451874,56451924,50,141,107,168,56452092,56452142,50,137,74,285,56452427,56452486,59,144,103,168,56452654,56452696,42,170,80,8,pin-length-8
56454549,56454634,85,135,62,209,56454843,56454894,51,146,113,176,56455070,56455146,76,127,94,244,56455390,56455451,61,120,112,193,56455644,56455712,68,106,128,184,56455896,56455955,59,109,84,277,56456232,56456291,59,75,112,192,56456483,56456560,77,119,89,8,pin-length-8
56457948,56458015,67,130,97,218,56458233,56458301,68,149,107,184,56458485,56458553,68,65,106,268,56458821,56458855,34,124,106,225,56459080,56459122,42,86,92,168,56459290,56459367,77,104,79,243,56459610,56459661,51,160,80,192,56459853,56459912,59,110,84,8,pin-length-8
56461207,56461283,76,146,46,218,56461501,56461544,43,98,92,184,56461728,56461796,68,75,118,201,56461997,56462082,85,155,112,160,56462242,56462301,59,128,109,176,56462477,56462546,69,120,65,251,56462797,56462865,68,158,150,167,56463032,56463093,61,149,87,8,pin-length-8
57159987,57160089,102,118,131,277,57160366,57160486,120,68,90,742,57161228,57161323,95,97,84,460,57161783,57161903,120,94,102,711,57162614,57162725,111,123,99,168,57162893,57162995,102,143,109,510,57163505,57163634,129,82,96,118,57163752,57163846,94,112,81,11,pin-length-8
57166451,57166535,84,126,105,210,57166745,57166883,138,61,127,968,57167851,57167953,102,102,86,286,57168239,57168340,101,46,118,469,57168809,57168911,102,126,94,152,57169063,57169156,93,144,95,327,57169483,57169577,94,54,101,143,57169720,57169797,77,108,94,11,pin-length-8
57172268,57172363,95,115,101,294,57172657,57172777,120,85,107,476,57173253,57173347,94,99,86,293,57173640,57173751,111,80,122,393,57174144,57174229,85,124,71,118,57174347,57174424,77,120,97,244,57174668,57174771,103,104,117,92,57174863,57174923,60,111,88,11,pin-length-8
57176837,57176914,77,93,93,209,57177123,57177234,111,108,150,468,57177702,57177796,94,98,90,152,57177948,57178077,129,82,129,410,57178487,57178563,76,133,70,101,57178664,57178750,86,121,118,242,57178992,57179104,112,88,98,143,57179247,57179323,76,122,88,11,pin-length-8
57194156,57194259,103,120,104,118,57194377,57194480,103,82,117,293,57194773,57194850,77,84,103,151,57195001,57195095,94,64,103,393,57195488,57195547,59,153,88,109,57195656,57195742,86,137,119,135,57195877,57195980,103,74,93,76,57196056,57196133,77,116,90,11,pin-length-8
274644842,274644892,50,84,73,136,274645028,274645083,55,50,75,391,274645474,274645534,60,104,72,118,274645652,274645710,58,100,93,195,274645905,274645951,46,109,83,135,274646086,274646135,49,146,127,226,274646361,274646410,49,93,109,109,274646519,274646560,41,111,96,12,pin-length-8
274651584,274651619,35,100,96,203,274651822,274651862,40,47,91,134,274651996,274652079,83,117,53,134,274652213,274652270,57,128,95,218,274652488,274652545,57,126,93,137,274652682,274652736,54,106,106,264,274653000,274653053,53,95,121,110,274653163,274653204,41,127,94,12,pin-length-8
274658699,274658730,31,84,65,185,274658915,274658939,24,61,50,68,274659007,274659055,48,126,144,154,274659209,274659247,38,103,127,281,274659528,274659580,52,112,73,177,274659757,274659813,56,88,22,235,274660048,274660089,41,110,90,118,274660207,274660222,15,133,51,12,pin-length-8
274665505,274665549,44,103,108,102,274665651,274665715,64,59,94,102,274665817,274665891,74,80,69,154,274666045,274666066,21,100,105,256,274666322,274666357,35,114,83,143,274666500,274666575,75,124,53,253,274666828,274666857,29,99,81,110,274666967,274666990,23,133,88,12,pin-length-8
274672314,274672376,62,76,66,101,274672477,274672525,48,53,79,110,274672635,274672719,84,102,107,125,274672844,274672887,43,111,77,224,274673111,274673168,57,92,111,125,274673293,274673335,42,117,134,305,274673640,274673676,36,126,119,110,274673786,274673818,32,148,91,12,pin-length-8
58249046,58249130,84,116,80,101,58249231,58249317,86,111,93,500,58249817,58249928,111,115,93,235,58250163,58250248,85,130,87,1310,58251558,58251626,68,104,96,318,58251944,58252038,94,123,111,925,58252963,58253065,102,110,78,268,58253333,58253401,68,141,99,15,pin-length-8
58256383,58256441,58,110,95,152,58256593,58256660,67,109,109,684,58257344,58257438,94,134,96,244,58257682,58257784,102,111,111,709,58258493,58258569,76,110,73,303,58258872,58258958,86,73,116,753,58259711,58259821,110,120,91,209,58260030,58260115,85,165,102,15,pin-length-8
58262029,58262114,85,116,65,143,58262257,58262350,93,111,100,518,58262868,58262952,84,124,96,335,58263287,58263380,93,115,109,1381,58264761,58264863,102,113,110,393,58265256,58265333,77,83,115,409,58265742,58265818,76,111,62,293,58266111,58266196,85,154,85,15,pin-length-8
58268018,58268094,76,114,94,251,58268345,58268404,59,114,106,776,58269180,58269308,128,113,89,326,58269634,58269745,111,105,108,577,58270322,58270407,85,128,99,218,58270625,58270701,76,116,110,884,58271585,58271661,76,105,105,243,58271904,58271980,76,126,114,15,pin-length-8
58273919,58274022,103,111,86,242,58274264,58274357,93,107,92,543,58274900,58275028,128,133,81,343,58275371,58275474,103,119,136,475,58275949,58276008,59,149,94,260,58276268,58276345,77,120,120,500,58276845,58276904,59,123,67,310,58277214,58277290,76,119,54,15,pin-length-8
20196272,20196381,109,100.506958007813,75.554931640625,74,20196455,20196539,84,87.5189819335938,72.63134765625,143,20196682,20196799,117,144.16650390625,81.5523681640625,126,20196925,20197022,97,137.472717285156,77.4788818359375,1084,20198106,20198215,109,112.495849609375,70.4066162109375,151,20198366,20198439,73,51.2525634765625,136.52880859375,184,20198623,20198699,76,93.513427734375,57.5625610351563,92,20198791,20198855,64,105.502319335938,66.5587158203125,16,pin-length-8
20200539,20200614,75,121.487487792969,77.5540771484375,127,20200741,20200815,74,60.5439453125,98.6202392578125,467,20201282,20201389,107,148.162841796875,88.54931640625,271,20201660,20201731,71,68.5365295410156,62.4852294921875,2929,20204660,20204733,73,98.5087890625,87.3994140625,177,20204910,20204990,80,84.2220458984375,78.5535888671875,177,20205167,20205225,58,77.5282287597656,130.531372070313,134,20205359,20205384,25,84.521728515625,105.542114257813,16,pin-length-8
20206330,20206417,87,103.504150390625,102.543334960938,118,20206535,20206600,65,77.5282287597656,142.601440429688,731,20207331,20207450,119,113.195190429688,63.56005859375,271,20207721,20207800,79,108.49951171875,105.466918945313,1112,20208912,20209002,90,134.475463867188,82.4014892578125,184,20209186,20209284,98,95.2118530273438,94.5467529296875,168,20209452,20209492,40,95.5115966796875,78.5535888671875,119,20209611,20209675,64,70.5346984863281,102.543334960938,16,pin-length-8
20211215,20211303,88,118.490295410156,100.544189453125,118,20211421,20211468,47,94.5125122070312,112.6142578125,202,20211670,20211761,91,111.197021484375,94.5467529296875,133,20211894,20211994,100,126.48291015625,100.468994140625,916,20212910,20213002,92,104.503234863281,36.421142578125,169,20213171,20213235,64,83.2229614257813,111.53955078125,218,20213453,20213537,84,127.48193359375,97.5455322265625,158,20213695,20213753,58,98.5087890625,115.537841796875,16,pin-length-8
20215213,20215304,91,118.490295410156,96.5458984375,107,20215411,20215478,67,128.481018066406,118.611694335938,194,20215672,20215770,98,93.2136840820312,106.541625976563,135,20215905,20215986,81,103.504150390625,120.46044921875,666,20216652,20216712,60,90.5161743164063,38.4202880859375,185,20216897,20216987,90,100.207214355469,117.536987304688,184,20217171,20217237,66,109.498596191406,134.529663085938,118,20217355,20217395,40,91.5152587890625,126.533081054688,16,pin-length-8
320925808,320925937,129,113,97,392,320926329,320926406,77,107,97,459,320926865,320926933,68,120,98,1463,320928396,320928507,111,98,104,816,320929323,320929391,68,109,90,469,320929860,320929945,85,132,81,276,320930221,320930314,93,160,86,336,320930650,320930726,76,134,84,17,pin-length-8
320941273,320941393,120,128,94,201,320941594,320941679,85,97,115,509,320942188,320942246,58,137,90,1376,320943622,320943706,84,100,82,418,320944124,320944226,102,103,111,694,320944920,320945013,93,124,84,243,320945256,320945332,76,166,90,310,320945642,320945709,67,113,82,17,pin-length-8
320960995,320961087,92,99,85,293,320961380,320961465,85,96,82,475,320961940,320962034,94,113,90,919,320962953,320963064,111,105,110,859,320963923,320964007,84,104,81,564,320964571,320964647,76,111,80,368,320965015,320965100,85,155,89,184,320965284,320965404,120,131,118,17,pin-length-8
320981934,320982045,111,115,78,225,320982270,320982381,111,116,110,309,320982690,320982749,59,133,117,519,320983268,320983379,111,97,96,584,320983963,320984048,85,116,80,351,320984399,320984493,94,125,77,343,320984836,320984930,94,139,89,258,320985188,320985256,68,91,80,17,pin-length-8
320998337,320998439,102,107,67,410,320998849,320998926,77,113,82,492,320999418,320999485,67,137,75,1390,321000875,321000968,93,98,107,318,321001286,321001371,85,123,77,276,321001647,321001740,93,123,103,252,321001992,321002068,76,136,100,301,321002369,321002454,85,118,85,17,pin-length-8
320675897,320675964,67,104,102,259,320676223,320676265,42,88,109,277,320676542,320676601,59,127,116,294,320676895,320676971,76,128,107,227,320677198,320677257,59,135,111,234,320677491,320677550,59,131,95,310,320677860,320677936,76,181,98,343,320678279,320678338,59,141,81,19,pin-length-8
320685317,320685375,58,137,91,309,320685684,320685743,59,116,68,251,320685994,320686078,84,104,85,352,320686430,320686506,76,141,71,301,320686807,320686866,59,135,95,242,320687108,320687176,68,114,78,317,320687493,320687578,85,177,109,218,320687796,320687855,59,144,88,19,pin-length-8
320695746,320695831,85,121,112,242,320696073,320696150,77,124,98,226,320696376,320696462,86,71,103,277,320696739,320696814,75,188,93,210,320697024,320697084,60,115,77,208,320697292,320697377,85,128,90,293,320697670,320697754,84,182,107,185,320697939,320698015,76,172,87,19,pin-length-8
320745386,320745462,76,122,90,636,320746098,320746208,110,121,89,618,320746826,320746919,93,117,103,842,320747761,320747864,103,138,115,451,320748315,320748434,119,118,93,633,320749067,320749160,93,118,83,609,320749769,320749880,111,148,106,470,320750350,320750434,84,133,90,19,pin-length-8
320759397,320759473,76,156,84,392,320759865,320759950,85,131,91,384,320760334,320760401,67,99,81,493,320760894,320760988,94,158,123,333,320761321,320761414,93,152,98,303,320761717,320761827,110,67,108,534,320762361,320762455,94,189,86,317,320762772,320762858,86,136,68,19,pin-length-8
320469233,320469300,67,122,111,268,320469568,320469636,68,128,104,509,320470145,320470238,93,167,92,210,320470448,320470524,76,92,90,559,320471083,320471159,76,124,87,244,320471403,320471471,68,83,75,393,320471864,320471908,44,136,112,309,320472217,320472285,68,104,76,20,pin-length-8
320479516,320479600,84,152,99,260,320479860,320479936,76,101,96,392,320480328,320480404,76,158,121,234,320480638,320480714,76,118,150,368,320481082,320481149,67,166,137,234,320481383,320481442,59,128,117,584,320482026,320482086,60,137,126,259,320482345,320482403,58,117,80,20,pin-length-8
320489085,320489144,59,175,56,150,320489294,320489371,77,125,126,350,320489721,320489789,68,173,125,225,320490014,320490073,59,124,87,359,320490432,320490500,68,144,123,201,320490701,320490760,59,139,70,1314,320492074,320492124,50,188,91,218,320492342,320492392,50,108,75,20,pin-length-8
320498851,320498944,93,149,88,209,320499153,320499221,68,124,87,350,320499571,320499639,68,183,128,209,320499848,320499899,51,77,116,283,320500182,320500251,69,118,105,242,320500493,320500543,50,72,110,235,320500778,320500851,73,140,110,209,320501060,320501102,42,104,77,20,pin-length-8
320507916,320507979,63,147,50,276,320508255,320508322,67,140,53,376,320508698,320508775,77,170,124,209,320508984,320509034,50,86,98,326,320509360,320509419,59,138,135,234,320509653,320509721,68,100,91,658,320510379,320510464,85,161,87,210,320510674,320510707,33,102,44,20,pin-length-8
142412262,142412330,68,68,106,94,142412424,142412491,67,110,131,259,142412750,142412814,64,142,110,143,142412957,142413031,74,79,105,590,142413621,142413689,68,95,93,243,142413932,142413964,32,94,94,722,142414686,142414723,37,72,94,168,142414891,142414948,57,99,100,22,pin-length-8
142415851,142415907,56,77,102,135,142416042,142416091,49,84,125,401,142416492,142416548,56,117,80,129,142416677,142416723,46,80,86,210,142416933,142416990,57,97,68,271,142417261,142417316,55,77,104,335,142417651,142417698,47,92,78,656,142418354,142418398,44,70,91,22,pin-length-8
142419120,142419191,71,61,96,120,142419311,142419350,39,64,68,193,142419543,142419591,48,117,90,120,142419711,142419767,56,118,109,193,142419960,142420001,41,100,52,158,142420159,142420210,51,55,92,268,142420478,142420525,47,79,138,144,142420669,142420709,40,88,103,22,pin-length-8
142421646,142421717,71,65,106,102,142421819,142421868,49,63,104,353,142422221,142422275,54,106,93,118,142422393,142422442,49,110,139,160,142422602,142422625,23,117,108,162,142422787,142422843,56,64,104,320,142423163,142423201,38,44,91,136,142423337,142423376,39,65,58,22,pin-length-8
142429207,142429302,95,69,97,94,142429396,142429461,65,73,106,219,142429680,142429753,73,119,118,135,142429888,142429944,56,91,88,192,142430136,142430188,52,70,60,199,142430387,142430419,32,65,66,290,142430709,142430786,77,79,82,120,142430906,142430953,47,81,85,22,pin-length-8
332142791,332142971,180,92,51,417,332143388,332143551,163,89,52,388,332143939,332144072,133,95,68,3174,332147246,332147444,198,85,58,480,332147924,332148071,147,91,70,423,332148494,332148607,113,94,71,3091,332151698,332151821,123,77,56,341,332152162,332152274,112,86,64,24,pin-length-8
332158637,332158823,186,89,53,451,332159274,332159428,154,88,63,371,332159799,332159948,149,92,62,6714,332166662,332166853,191,97,59,474,332167327,332167463,136,92,55,483,332167946,332168077,131,78,63,1966,332170043,332170215,172,83,53,349,332170564,332170717,153,67,59,24,pin-length-8
332176559,332176757,198,92,60,634,332177391,332177562,171,90,67,575,332178137,332178259,122,87,67,3667,332181926,332182108,182,87,59,559,332182667,332182822,155,92,67,522,332183344,332183483,139,83,52,2355,332185838,332186000,162,89,61,591,332186591,332186738,147,81,60,24,pin-length-8
332192675,332192854,179,78,60,1219,332194073,332194220,147,92,64,432,332194652,332194773,121,80,75,2379,332197152,332197316,164,80,68,559,332197875,332198078,203,94,58,1022,332199100,332199230,130,84,66,782,332200012,332200169,157,83,58,305,332200474,332200605,131,85,61,24,pin-length-8
332202779,332202953,174,78,61,497,332203450,332203582,132,88,57,456,332204038,332204168,130,85,80,953,332205121,332205275,154,87,57,456,332205731,332205888,157,87,62,424,332206312,332206499,187,92,81,574,332207073,332207197,124,81,65,295,332207492,332207599,107,85,74,24,pin-length-8
20479249,20479351,102,112.196105957031,60.636474609375,107,20479458,20479542,84,133.776138305664,67.483154296875,168,20479710,20479784,74,81.5245361328125,71.6317749023438,167,20479951,20480026,75,120.488464355469,88.47412109375,737,20480763,20480853,90,87.21923828125,49.4908447265625,327,20481180,20481276,96,67.8371887207031,66.6339111328125,167,20481443,20481511,68,97.8094329833984,60.561279296875,75,20481586,20481661,75,107.200744628906,69.5574951171875,25,pin-length-8
20483367,20483453,86,98.2090454101563,74.6304931640625,183,20483636,20483726,90,99.8075866699219,111.46435546875,824,20484550,20484619,69,105.502319335938,105.617248535156,177,20484796,20484878,82,105.502319335938,105.466918945313,572,20485450,20485536,86,80.2257080078125,48.4912109375,151,20485687,20485752,65,84.8214569091797,65.6343383789063,135,20485887,20485943,56,81.8242340087891,53.5642700195313,178,20486121,20486204,83,103.204467773438,71.556640625,25,pin-length-8
20487485,20487560,75,100.207214355469,104.61767578125,228,20487788,20487872,84,97.8094329833984,51.489990234375,233,20488105,20488170,65,134.475463867188,114.613403320313,201,20488371,20488438,67,108.49951171875,69.4822998046875,426,20488864,20488952,88,68.23681640625,76.479248046875,103,20489055,20489128,73,82.8233184814453,106.616821289063,135,20489263,20489338,75,61.8427429199219,27.5753784179687,83,20489421,20489512,91,83.2229614257813,77.5540771484375,25,pin-length-8
20490345,20490412,67,102.205383300781,96.62109375,226,20490638,20490711,73,109.79833984375,87.474609375,210,20490921,20490987,66,135.474548339844,100.619384765625,226,20491213,20491304,91,107.50048828125,126.457885742188,711,20492015,20492122,107,101.206298828125,65.4840087890625,57,20492179,20492271,92,59.8445892333984,108.615966796875,117,20492388,20492472,84,55.8482971191406,54.5638427734375,235,20492707,20492788,81,95.2118530273438,114.538208007813,25,pin-length-8
20493513,20493612,99,86.2201538085938,108.615966796875,929,20494541,20494623,82,83.8223876953125,77.4788818359375,476,20495099,20495155,56,97.5097045898437,85.6257934570312,225,20495380,20495455,75,105.502319335938,118.461303710938,776,20496231,20496314,83,85.2210693359375,45.4925537109375,133,20496447,20496523,76,74.8307189941406,100.619384765625,159,20496682,20496756,74,65.8390350341797,80.552734375,77,20496833,20496914,81,101.206298828125,98.5450439453125,25,pin-length-8
20777494,20777659,165,120.788162231445,73.6309204101562,125,20777784,20777867,83,102.505065917969,92.622802734375,126,20777993,20778091,98,123.185913085938,34.6475830078125,410,20778501,20778617,116,136.773361206055,87.6249389648438,100,20778717,20778816,99,116.791854858398,62.5604248046875,111,20778927,20779034,107,102.804809570313,113.463500976563,275,20779309,20779417,108,160.451416015625,66.6339111328125,101,20779518,20779618,100,66.5383911132813,61.5609130859375,27,pin-length-8
20780792,20780867,75,98.8085174560547,102.618530273438,168,20781035,20781093,58,140.469909667969,99.6198120117188,126,20781219,20781295,76,130.179443359375,60.636474609375,368,20781663,20781735,72,106.801116943359,117.612121582031,152,20781887,20781967,80,93.8131408691406,99.544677734375,151,20782118,20782194,76,118.790008544922,123.459228515625,281,20782475,20782593,118,117.4912109375,82.6270751953125,76,20782669,20782784,115,103.504150390625,59.561767578125,27,pin-length-8
20784661,20784711,50,140.769653320313,87.6249389648438,158,20784869,20784935,66,132.477355957031,89.6240844726563,117,20785052,20785144,92,137.172973632813,52.639892578125,336,20785480,20785561,81,94.8122100830078,138.603149414063,149,20785710,20785787,77,102.804809570313,104.54248046875,151,20785938,20786011,73,110.797409057617,143.45068359375,242,20786253,20786381,128,129.480102539063,127.607849121094,124,20786505,20786546,41,79.5263671875,86.5501708984375,27,pin-length-8
20787646,20787695,49,146.764114379883,123.609558105469,151,20787846,20787919,73,139.470886230469,90.6236572265625,135,20788054,20788179,125,118.190551757813,102.618530273438,317,20788496,20788562,66,110.797409057617,120.61083984375,151,20788713,20788786,73,119.789093017578,99.544677734375,134,20788920,20788986,66,113.794631958008,86.4749755859375,255,20789241,20789329,88,90.5161743164063,58.6373291015625,124,20789453,20789545,92,153.457885742188,55.5634155273438,27,pin-length-8
20790988,20791088,100,108.799255371094,89.6240844726563,126,20791214,20791297,83,118.490295410156,92.622802734375,141,20791438,20791513,75,113.195190429688,70.6322021484375,279,20791792,20791864,72,97.8094329833984,110.615112304688,134,20791998,20792096,98,107.800186157227,135.529296875,121,20792217,20792279,62,128.78076171875,144.4501953125,259,20792538,20792622,84,146.464416503906,65.6343383789063,117,20792739,20792814,75,95.5115966796875,91.548095703125,27,pin-length-8
143490718,143490763,45,81,105,302,143491065,143491116,51,119,136,433,143491549,143491596,47,93,122,244,143491840,143491889,49,87,112,771,143492660,143492713,53,116,87,227,143492940,143492989,49,136,68,768,143493757,143493805,48,81,122,251,143494056,143494105,49,48,102,28,pin-length-8
143505002,143505042,40,96,124,269,143505311,143505376,65,100,130,265,143505641,143505692,51,68,118,144,143505836,143505902,66,78,61,259,143506161,143506177,16,82,122,177,143506354,143506401,47,67,84,436,143506837,143506892,55,91,96,113,143507005,143507051,46,77,99,28,pin-length-8
143507897,143507955,58,92,85,269,143508224,143508294,70,95,82,228,143508522,143508588,66,103,167,157,143508745,143508819,74,130,87,184,143509003,143509053,50,97,95,169,143509222,143509269,47,88,64,595,143509864,143509927,63,54,90,101,143510028,143510094,66,73,90,28,pin-length-8
143510721,143510777,56,156,106,212,143510989,143511019,30,72,64,204,143511223,143511269,46,94,122,133,143511402,143511445,43,117,69,168,143511613,143511653,40,70,76,171,143511824,143511836,12,77,80,234,143512070,143512106,36,57,63,139,143512245,143512311,66,86,102,28,pin-length-8
143519727,143519772,45,101,73,209,143519981,143520006,25,119,168,402,143520408,143520430,22,84,81,305,143520735,143520780,45,91,84,295,143521075,143521131,56,82,60,184,143521315,143521339,24,87,48,368,143521707,143521773,66,63,65,88,143521861,143521939,78,61,91,28,pin-length-8
311754378,311754459,81,63,106,169,311754628,311754702,74,61,86,443,311755145,311755218,73,60,102,201,311755419,311755493,74,18,98,776,311756269,311756318,49,65,111,227,311756545,311756584,39,37,85,655,311757239,311757276,37,38,105,289,311757565,311757603,38,82,151,33,pin-length-8
311760140,311760212,72,87,106,151,311760363,311760419,56,71,101,211,311760630,311760681,51,91,119,148,311760829,311760887,58,22,124,402,311761289,311761353,64,60,81,210,311761563,311761611,48,90,83,419,311762030,311762078,48,52,79,277,311762355,311762380,25,105,148,33,pin-length-8
311763232,311763295,63,83,86,152,311763447,311763505,58,61,136,227,311763732,311763797,65,144,87,135,311763932,311763987,55,75,80,195,311764182,311764231,49,78,100,177,311764408,311764454,46,126,116,210,311764664,311764729,65,33,110,219,311764948,311764981,33,93,108,33,pin-length-8
311766421,311766463,42,90,89,178,311766641,311766688,47,101,131,202,311766890,311766938,48,83,100,143,311767081,311767097,16,84,70,184,311767281,311767323,42,81,99,184,311767507,311767554,47,135,24,277,311767831,311767888,57,27,110,193,311768081,311768131,50,131,111,33,pin-length-8
311769382,311769463,81,84,86,144,311769607,311769638,31,66,104,202,311769840,311769889,49,110,109,118,311770007,311770056,49,78,98,509,311770565,311770598,33,78,88,184,311770782,311770815,33,125,95,293,311771108,311771149,41,2,116,233,311771382,311771432,50,100,170,33,pin-length-8
329028554,329028668,114,79,54,377,329029045,329029177,132,82,63,439,329029616,329029758,142,78,74,295,329030053,329030195,142,62,77,362,329030557,329030663,106,55,61,1287,329031950,329032113,163,75,87,265,329032378,329032482,104,66,80,339,329032821,329032935,114,59,88,34,pin-length-8
329034329,329034455,126,52,60,347,329034802,329034948,146,80,72,401,329035349,329035469,120,72,75,297,329035766,329035922,156,55,76,323,329036245,329036357,112,69,81,441,329036798,329036945,147,70,71,281,329037226,329037323,97,60,80,356,329037679,329037776,97,78,85,34,pin-length-8
329039884,329039998,114,66,68,450,329040448,329040585,137,88,98,416,329041001,329041165,164,95,38,272,329041437,329041591,154,70,62,316,329041907,329041994,87,70,88,541,329042535,329042674,139,66,56,228,329042902,329043044,142,88,65,244,329043288,329043420,132,76,87,34,pin-length-8
329045957,329046046,89,61,88,331,329046377,329046499,122,72,90,297,329046796,329046926,130,78,78,283,329047209,329047346,137,61,68,315,329047661,329047774,113,68,81,1463,329049237,329049375,138,71,105,317,329049692,329049805,113,66,93,261,329050066,329050164,98,76,79,34,pin-length-8
329052684,329052797,113,60,85,367,329053164,329053277,113,78,82,329,329053606,329053746,140,82,77,278,329054024,329054183,159,64,60,324,329054507,329054626,119,80,79,1541,329056167,329056330,163,76,88,842,329057172,329057276,104,69,69,266,329057542,329057638,96,81,58,34,pin-length-8
329427781,329427861,80,45,59,635,329428496,329428599,103,65,54,405,329429004,329429102,98,57,50,441,329429543,329429706,163,68,72,350,329430056,329430135,79,52,62,415,329430550,329430656,106,78,68,204,329430860,329431015,155,88,75,265,329431280,329431367,87,72,46,36,pin-length-8
329432931,329433038,107,56,76,490,329433528,329433649,121,75,94,320,329433969,329434085,116,51,75,373,329434458,329434605,147,75,57,567,329435172,329435259,87,61,83,435,329435694,329435806,112,65,67,193,329435999,329436115,116,66,67,255,329436370,329436450,80,58,60,36,pin-length-8
329437896,329438002,106,62,65,509,329438511,329438657,146,77,76,279,329438936,329439050,114,69,62,339,329439389,329439529,140,61,81,398,329439927,329440023,96,60,95,356,329440379,329440510,131,51,66,256,329440766,329440896,130,70,70,213,329441109,329441214,105,63,67,36,pin-length-8
329442706,329442784,78,56,81,431,329443215,329443362,147,65,75,255,329443617,329443757,140,61,57,304,329444061,329444217,156,62,68,307,329444524,329444636,112,80,60,332,329444968,329445123,155,53,75,214,329445337,329445493,156,70,79,272,329445765,329445854,89,76,68,36,pin-length-8
329446888,329446994,106,48,81,364,329447358,329447516,158,54,67,236,329447752,329447857,105,58,65,254,329448111,329448243,132,61,77,542,329448785,329448899,114,89,90,320,329449219,329449360,141,77,71,280,329449640,329449779,139,87,77,220,329449999,329450089,90,50,65,36,pin-length-8
329813750,329813862,112,61,63,381,329814243,329814366,123,84,88,213,329814579,329814735,156,79,79,364,329815099,329815264,165,72,63,541,329815805,329815936,131,67,80,507,329816443,329816590,147,46,56,221,329816811,329816949,138,63,52,180,329817129,329817251,122,70,59,37,pin-length-8
329819620,329819727,107,55,44,464,329820191,329820304,113,71,91,1038,329821342,329821428,86,57,77,384,329821812,329821915,103,68,57,517,329822432,329822535,103,59,59,1039,329823574,329823703,129,41,69,371,329824074,329824189,115,61,71,237,329824426,329824524,98,66,50,37,pin-length-8
329826514,329826639,125,68,82,406,329827045,329827148,103,94,93,249,329827397,329827510,113,94,94,348,329827858,329827981,123,77,61,898,329828879,329828977,98,67,62,484,329829461,329829607,146,45,69,271,329829878,329830027,149,58,75,238,329830265,329830387,122,65,55,37,pin-length-8
329832060,329832198,138,76,70,357,329832555,329832718,163,72,83,163,329832881,329833013,132,89,84,263,329833276,329833389,113,72,42,425,329833814,329833926,112,73,71,299,329834225,329834379,154,45,62,229,329834608,329834748,140,57,67,180,329834928,329835051,123,67,57,37,pin-length-8
329836708,329836811,103,66,62,405,329837216,329837340,124,79,84,220,329837560,329837683,123,80,84,330,329838013,329838152,139,61,66,690,329838842,329838967,125,71,66,529,329839496,329839628,132,49,78,255,329839883,329840031,148,70,80,204,329840235,329840334,99,78,52,37,pin-length-8
330237218,330237351,133,60,59,372,330237723,330237837,114,72,69,354,330238191,330238289,98,69,57,228,330238517,330238615,98,70,57,549,330239164,330239252,88,69,83,349,330239601,330239689,88,49,65,366,330240055,330240151,96,45,64,372,330240523,330240587,64,58,70,39,pin-length-8
330241579,330241678,99,57,58,355,330242033,330242131,98,84,75,327,330242458,330242549,91,54,61,255,330242804,330242919,115,65,59,340,330243259,330243362,103,75,55,364,330243726,330243814,88,58,36,290,330244104,330244228,124,58,54,289,330244517,330244580,63,47,72,39,pin-length-8
330270704,330270807,103,53,78,573,330271380,330271529,149,64,74,450,330271979,330272108,129,81,60,393,330272501,330272602,101,74,73,894,330273496,330273618,122,69,75,371,330273989,330274088,99,70,73,358,330274446,330274582,136,58,73,230,330274812,330274944,132,57,71,39,pin-length-8
330277000,330277131,131,57,69,289,330277420,330277618,198,40,47,350,330277968,330278121,153,74,66,204,330278325,330278466,141,86,57,414,330278880,330278994,114,68,68,357,330279351,330279480,129,71,76,299,330279779,330279893,114,67,57,263,330280156,330280244,88,85,98,39,pin-length-8
330281607,330281704,97,58,70,372,330282076,330282214,138,78,70,307,330282521,330282651,130,71,59,213,330282864,330282995,131,70,59,264,330283259,330283388,129,77,70,306,330283694,330283834,140,64,77,329,330284163,330284254,91,61,52,397,330284651,330284741,90,51,76,39,pin-length-8
21633669,21633817,148,101.206298828125,101.618957519531,379,21634196,21634272,76,104.503234863281,86.6253662109375,351,21634623,21634766,143,74.8307189941406,82.6270751953125,745,21635511,21635622,111,73.8316345214844,73.5557861328125,529,21636151,21636292,141,95.5115966796875,79.55322265625,1035,21637327,21637447,120,102.205383300781,81.5523681640625,111,21637558,21637682,124,87.8186950683594,106.466430664063,68,21637750,21637849,99,106.501403808594,86.4749755859375,41,pin-length-8
21639771,21639865,94,132.177612304688,91.6232299804688,234,21640099,21640181,82,68.5365295410156,90.6236572265625,34,21640215,21640316,101,87.8186950683594,63.6351928710937,783,21641099,21641165,66,87.8186950683594,83.551513671875,69,21641234,21641307,73,121.487487792969,82.5518798828125,134,21641441,21641524,83,137.172973632813,50.5655517578125,83,21641607,21641674,67,70.8344116210938,56.48779296875,110,21641784,21641865,81,99.5078735351563,68.482666015625,41,pin-length-8
21643642,21643733,91,94.2127685546875,79.6283569335938,126,21643859,21643924,65,106.501403808594,156.595458984375,84,21644008,21644092,84,88.8177642822266,40.64501953125,199,21644291,21644373,82,91.8149871826172,58.5621337890625,52,21644425,21644492,67,96.5106201171875,91.548095703125,149,21644641,21644724,83,115.193359375,27.5753784179687,235,21644959,21645034,75,86.8196105957031,75.479736328125,175,21645209,21645284,75,106.501403808594,83.476318359375,41,pin-length-8
21674558,21674643,85,21.2802734375,95.6215209960937,142,21674785,21674850,65,44.5587463378906,101.618957519531,94,21674944,21675059,115,81.8242340087891,41.6445922851563,1415,21676474,21676584,110,63.8408813476562,54.5638427734375,61,21676645,21676710,65,69.5356140136719,98.5450439453125,142,21676852,21676951,99,139.171142578125,101.543823242188,67,21677018,21677118,100,69.8353424072266,55.48828125,34,21677152,21677227,75,105.502319335938,136.45361328125,41,pin-length-8
21683323,21683403,80,70.2349853515625,68.633056640625,126,21683529,21683620,91,90.5161743164063,115.612976074219,84,21683704,21683812,108,69.8353424072266,64.634765625,271,21684083,21684180,97,67.8371887207031,59.561767578125,66,21684246,21684312,66,107.50048828125,92.547607421875,144,21684456,21684554,98,120.188720703125,34.5723876953125,209,21684763,21684846,83,79.8260803222656,46.4920654296875,100,21684946,21685029,83,111.496765136719,64.484375,41,pin-length-8
21168333,21168423,90,27.8741912841797,106.616821289063,533,21168956,21169046,90,129.180419921875,73.6309204101562,563,21169609,21169707,98,60.8436584472656,96.62109375,371,21170078,21170167,89,111.496765136719,56.63818359375,832,21170999,21171091,92,57.846435546875,80.6279296875,489,21171580,21171648,68,112.196105957031,90.4732666015625,119,21171767,21171841,74,105.202575683594,88.47412109375,594,21172435,21172524,89,54.5494995117187,45.5676879882813,42,pin-length-8
21204441,21204482,41,106.801116943359,49.6411743164063,241,21204723,21204822,99,119.189636230469,65.6343383789063,218,21205040,21205114,74,44.8584594726563,136.60400390625,219,21205333,21205389,56,105.502319335938,52.639892578125,502,21205891,21205947,56,92.8140563964844,66.6339111328125,570,21206517,21206607,90,117.191467285156,96.470703125,121,21206728,21206798,70,110.197998046875,100.468994140625,284,21207082,21207124,42,44.5587463378906,83.551513671875,42,pin-length-8
21208457,21208517,60,100.806655883789,91.6232299804688,241,21208758,21208832,74,59.2451171875,93.6223754882812,143,21208975,21209050,75,110.797409057617,89.6240844726563,159,21209209,21209274,65,171.441284179688,73.6309204101562,319,21209593,21209640,47,114.793716430664,52.639892578125,329,21209969,21210034,65,87.21923828125,121.460083007813,119,21210153,21210218,65,85.2210693359375,122.459594726563,184,21210402,21210468,66,96.5106201171875,46.5672607421875,42,pin-length-8
21211456,21211493,37,120.788162231445,65.6343383789063,283,21211776,21211817,41,143.167419433594,65.6343383789063,192,21212009,21212086,77,107.800186157227,88.62451171875,173,21212259,21212309,50,168.444030761719,73.6309204101562,585,21212894,21212951,57,142.767807006836,41.6445922851563,431,21213382,21213460,78,80.2257080078125,100.468994140625,92,21213552,21213633,81,111.197021484375,108.465576171875,145,21213778,21213851,73,160.451416015625,115.537841796875,42,pin-length-8
21217646,21217702,56,75.8297882080078,79.6283569335938,378,21218080,21218160,80,131.178527832031,77.6292114257813,167,21218327,21218402,75,80.8251647949219,103.618103027344,142,21218544,21218627,83,114.494018554688,54.6390380859375,268,21218895,21218960,65,98.8085174560547,126.608276367188,345,21219305,21219387,82,117.191467285156,109.465209960938,99,21219486,21219578,92,113.195190429688,111.46435546875,167,21219745,21219811,66,86.5198974609375,121.535278320313,42,pin-length-8
76751409,76751494,85,96,96,485,76751979,76752124,145,127,103,1434,76753558,76753652,94,97,96,434,76754086,76754275,189,127,132,485,76754760,76754880,120,134,110,527,76755407,76755535,128,79,89,360,76755895,76755997,102,87,92,302,76756299,76756401,102,129,150,43,pin-length-8
76767814,76767916,102,82,112,426,76768342,76768455,113,122,112,909,76769364,76769489,125,94,106,435,76769924,76770052,128,135,101,710,76770762,76770865,103,116,98,443,76771308,76771402,94,91,100,318,76771720,76771814,94,89,89,309,76772123,76772183,60,115,105,43,pin-length-8
76774829,76774940,111,98,77,477,76775417,76775545,128,124,98,734,76776279,76776374,95,88,120,535,76776909,76777115,206,96,109,610,76777725,76777835,110,128,97,569,76778404,76778522,118,85,118,401,76778923,76779052,129,95,111,309,76779361,76779455,94,131,123,43,pin-length-8
76782740,76782948,208,74,113,285,76783233,76783422,189,118,126,685,76784107,76784251,144,92,105,418,76784669,76784867,198,120,115,652,76785519,76785612,93,118,121,610,76786222,76786350,128,99,116,360,76786710,76786847,137,59,124,235,76787082,76787193,111,111,137,43,pin-length-8
76789247,76789358,111,92,118,401,76789759,76789898,139,134,131,584,76790482,76790627,145,82,118,394,76791021,76791219,198,150,123,451,76791670,76791764,94,135,112,577,76792341,76792479,138,94,121,394,76792873,76793010,137,69,96,326,76793336,76793430,94,109,113,43,pin-length-8
